اسم الكتاب,المؤلف,المترجم,الوصف,العدد,السعر,دار النشر,التصنيف,Tag,الصورة,سعر قبل الخصم,سعر بعد الخصم
الدحيحه,,,"يقول المثل: فاقد الشيء لا يعطيه، ولكنه أحيانًا يعطيه بغزارة. ديانا افتقدت الحب في حياتِها فمنحته لكل مَن حولها. كانت كالشمس مصدرًا للضوء والدفء، فدار الرجال في فلكِها منجذبين إلى نورِها، ولكن مَن اقترب منها احترق بنارِها؛ فمن قتل ديانا؟ وكيف قُتِلت؟ كيف عاشت؟ وكيف أحبَّت؟ كيف انتصرت؟ وكيف هُزِمت؟ والأهم من كل ذلك، كيف استطاعت الفوز بحب الملايين في حياتها إلى درجة جعلتها من أشهر شخصيات العالم وأكثرهم شعبية رغم مرور أكثر من 25 عامًا على وفاتها؟
",,,,كتب متنوعة,,https://cdn.aseeralkotb.com/storage/media/307139/conversions/الدحيحه-26724-200x300-jpg.jpg,,
البحث عن اليقين,,أحمد الأهواني,"كان الإنسان في في ظل الفلسفات التقليدية يكتسب المعرفة، فيتغير، لأنه يستنير من حصوله عليها، فيصبح عارفًا بعد أن كان جاهلاً، ولكنها معرفة أشبه بالحلية التي تضاف إلى الشيء لتكسبه رونقًا فيصلح للزينة. أما المعرفة التي يطالب بها ديوى، فهي ذلك الضرب الذي يغير العالم لأنه يتدخل فيه ويوجهه.والمعرفة لا تُطلب لذاتها، ولا لأنها لا تفضي إلى الاستنارة وتبديد الجهل، بل لأنها تحقق الأمن حين ترسى قواعدنا على شاطئ اليقين.
إذا بلغ أحدنا اليقين اطمأن، واستقر، وإذا لم يبلغ اليقين، بل الشك أو اللايقين، أو الرجحان، أو الاحتمال، لم يستقر، ولم يطمئن...
ومن هذه الزاوية -نعني زاوية اليقين واللايقين وما يتردد بينهما من درجات مختلفة تقرب من اليقين أو تبتعد عنه- بحث ديوى في هذا الكتاب، فجاء عنوانه ""البحث عن اليقين"".

",,,,الكنزي للنشروالتوزيع,,https://cdn.aseeralkotb.com/storage/media/306809/conversions/البحث-عن-اليقين-2-26614-200x300-jpg.jpg,,
كن أقوي من مشاعرك,,منة الله مرتضي,اصدارات معرض القاهرة للكتاب 2023,,,,دون للنشر والتوزيع,,https://cdn.aseeralkotb.com/storage/media/306845/conversions/كن-أقوي-من-مشاعرك-26626-200x300-jpg.jpg,,
تاروت العلاقات,,,"لماذا أصبح الانفصال السريع نمطًا للعلاقات الحالية؟هل نطبِّق ما نراه من محتويات السوشيال ميديا تحت مسمَّى Red Flags (الإشارات الحمراء)، بتعميم، وبدون خوض في تفاصيل علاقتنا كوسيلة للهروب من مواجهة أنفسنا والاضطرابات التي تسيطر عليها؟هل أصبحت المصطلحات النفسية المتداولة على منصات التواصل، كالخوف من
الالتزام وصدمات الطفولة والنرجسية والاعتمادية، شمَّاعة نُلقي عليها أسبابَ فشل العلاقات؟
وأخيرًا هل نخشى مواجهة أنفسنا؟
أسئلة كثيرة، انتظروا إجاباتها بين سطور هذا الكتاب.

",,,,تنمية ذاتية وعلم نفس,,https://cdn.aseeralkotb.com/storage/media/306440/conversions/تاروت-العلاقات-26490-200x300-jpg.jpg,,
إذن بالشعور,,,"""بين أيدينا أزمة ضحاياها أطفالنا.""يعمل د. مارك براكيت أستاذًا بمركز دراسات الأطفال بجامعة ييل وهو الأستاذ المؤسس في مركز ييل للذكاء العاطفي. خلال عمله عالمًا بالعواطف على مدار 25 عامًا طور خطة فعالة وبارعة لتحسين حياة الأطفال والراشدين؛ مخطط لفهم عواطفنا واستخدامها بحكمة بحيث تكون تلك العواطف عاملاً مساعدًا على نجاحنا وعافيتنا ولا تعوقه. كان جوهر نهجه هذا نتائج لإرث طفولته، والذي اكتسبه من عمه الذكي الذي أعطاه إذنًا بالشعور. كان أول الراشدين الذين نظروا إلى مارك وأنصتوا إليه وعرفوا المعاناة والتنمر بل والتحرش الذي تعرض إليه. وكان ذلك بداية حالة الوعي التي اكتسبها مارك بأن ما يمر به حاليًا حالة مؤقتة. لم يكن وحيدًا ولم يكن ملزمًا بجدول زمني، ولم يكن من ""الخطأ"" أن يشعر بالخوف والعزلة والوحدة والغضب، أما الآن فأفضل شيء أن بإمكانه اتخاذ إجراء حيال هذا.

وفي العقود التي تلت ذلك قاد مارك فرقًا بحثية كبيرة وجمع عشرات الملايين من الدولارات لدراسة جذور العافية العاطفية. ومن هنا أطلق على وصفته من أجل عافية الأطفال (وأهليهم ومعلميهم ومدارسهم) اسمًا مختصرًا ""افتتت"" وكانت تلك طريقته لمشاركة الاستراتيجيات والمهارات مع القراء في أنحاء العالم كافة. جرب هذه الآلية وأثبتت نجاحها. هذا الكتاب خليط بين الصرامة العلمية والعاطفة والإلهام بالتساوي. يوجد العديد من الأطفال والراشدين الذين يعانون، ويشعرون بالخجل من مشاعرهم وليست لديهم المهارة العاطفية للتعامل مع ذلك، لكن لا ينبغي عليهم هذا. إن مهمة حياة د. مارك براكيت هي تبديد مسار تلك المعاناة، وهذا الكتاب يمكنه أن يبين لك كيف.تك

",,,,كتب متنوعة،تنمية ذاتية وعلم نفس,,https://cdn.aseeralkotb.com/storage/media/309747/conversions/إذن-بالشعور-27474-200x300-jpg.jpg,,
فن احتواء الذات,,,"فن احتواء الذات لـ د.هال ستون ود. سيدرا ستونترجمة: د. داليا هشام سباعيكثيرًا ما نتجاهل صوتنا الداخلي، لا نبحث وراء فهم الإشارات التي تمنحنا إياها ذواتنا. القليل منا يُدرك أن بداخلنا العديد من الأصوات التي تُمثل طاقات مختلفة موجودة داخلنا؛ صوت الطفل الداخلي، صوت الناقد، صوت القوة، صوت الغضب، صوت
الخوف، صوت الحكمة، وغيرها من أصوات تُمثّل جوانب مختلفة لدينا، جوانب بعضها هشّ منبوذ وبعضها مسيطر، وقلة من ينتبه لتعدّد تلك الأصوات، ويُدرك أهمية فهم تناقضاتها.
هذا الكتاب يُخبرنا الكثير عن ماهية الأصوات التي تتصارع وتتناحر دومًا دون توقف، وكُلها نابعة من دواخلنا. لا يسعى لتحديدها وحسب، بل يسعى نحو تعليم الإنسان كيف يسمع نفسه، ويُدرك أصواته، ويقبلها.

",,,,تنمية ذاتية وعلم نفس,,https://cdn.aseeralkotb.com/storage/media/307016/conversions/فن-احتواء-الذات-26683-200x300-jpg.jpg,,
مقهي براديسو,,,"""درَّست لي فاليريا كل سيمفونيات سيرجي سيرجيفيتش بروكفيف، حكت لي أن الموهوب الروسي الذي عزف في عواصم العالم من لندن إلى برلين إلى باريس، واختار العودة النهائية ليعيش بموسكو في بناية ليست بعيدة عن الكرملين عام 1936 ليشهد بأعينه من دون أن يستطيع أن ينبس ببنت شفة ما فعله ستالين برفاقه من اللجنة المركزيةوقادة الجيش والدولة ثم ببقية مواطنيه السوفييت، ألَّف بروكوفييف رائعته الحرب والسلام لتحكي رواية ليو تولستوي في غضون الأربعينيات، استنهاضًا للأمة الروسية في مواجهة النازية. كان بروكوفييف نجم الموسيقى الكلاسيكية الحي في الاتحاد السوفيتي قبل الحرب وبعدها تم توبيخه هو وموسيقيين آخرين بتهمة """"الشكلية"""" ومعه الموسيقيان آرام خاشتوريان وديمتري شوستكافيتش، وأن موسيقاهم لم تعُد تعني أي شيء! وخالية من أي معانٍ """"بنَّاءة"""" أو """"اشتراكية"""" وتم حظر ثمانية من أعماله تمامًا داخل الاتحاد السوفيتي. تضحك فاليريا عندما كانت تحكي لتعرفني بأن نجمها بروكفيف مات في نفس يوم وفاة ستالين سنة 1953، وتقول أنه عندما صعد إلى السماء لا بد أن الملائكة أرغمت السفاح على الاستماع لموسيقى بروكفييف أيامًا طويلة حتى يتم الانتهاء من استقبال بروكفييف الاستقبال الملائكي الذي يليق به، بل إن أحد الملائكة قرر أن يعيد إذاعة الثمانية أعمال الممنوعة من الإذاعة والعرض بتوالٍ متواصل لعقاب ستالين. ""
",,,,روايات عربية,,https://cdn.aseeralkotb.com/storage/media/306713/conversions/مقهي-براديسو-26582-200x300-jpg.jpg,,
ليلة مقتل فرانسيس,,,"((ما السر وراء قضية كاندي جونز؟ ومَن فرنسيس الذي كُلِّف بالتخلص من مافيا السلاح في إسبانيا؟ وما الحقيقة وراء رسام شهير في فرنسا استيقظ ليجد نفسه في مكان لا يعرفه، ليكتشف بعد برهة أنه متهم بقتل أكثر الشخصيات العالمية إثارة للجدل دون سبب واضح؟! وما العلاقة التي تربط كل هؤلاء؟ وما علاقة دكتور كمال الشريف (الطبيب النفسي والمحقق الذي أنقذ الملكة إليزابيث من الاغتيال في مغامرته الأخيرة) بكل ذلك؟ما الكود السري الذي تستخدمه الحكومات لصناعة عملاء لها؟ كل ذلك وأكثر في مغامرة جديدة تجمع ما بين إسبانيا وفرنسا ومصر في سياق درامي محكم، وفي رحلة جديدة صوب حرب نفسية ودموية يكشف خيوطها الرجل الوحيد الذي مات من الأساس! مات منذ أمد وما زال البحث عن حقيقته يشوبها الغموض!))

",,,,روايات عربية,,https://cdn.aseeralkotb.com/storage/media/307460/conversions/ليلة-مقتل-فرانسيس-26816-200x300-jpg.jpg,,
ديرما فوريا,,أحمد خالد توفيق,"«ديرمافوريا» تعني حالة نشوة من إثارة لجلد الإنسان.هنا نقابل إريك أشوورث، الكيميائي العبقري شبه المجنون، الذي لا يمكن الاستغناء عنه في سوق المخدرات لأنه ابتكر مخدرًا رهيبًا اسمه «الجلد» أو «اللمسة».تبدأ القصة بهذا الكيميائي فاقد الذاكرة بعد حريق أطاح بمختبره، ويبدو أنه فقد معلوماته الكيميائية في
إثره، لكن أحدًا لا يصدق هذا، أو يجازف بتصديقه. رجال الشرطة يحاصرونه بأسئلتهم، والمحامي ينصحه بالصمت، وتجار المخدرات يلاحقونه. لكنه يملك بصيصًا واحدًا من عالمه القديم: اسم فتاة تُدعى «ديزريه». وعن طريق هذا البصيص يحاول استرجاع الجزء الذي احترق في ذاكرته.

",,,,الكرمة للنشر والتوزيع,,https://cdn.aseeralkotb.com/storage/media/306476/conversions/ديرما-فوريا-26500-200x300-jpg.jpg,,
مكان ثان,,محمد نجيب.,"""هذا هو الاختلاف، على ما أعتقد، بين الفنَّان والشَّخص العادي: يُمكِن للفنَّان أن يخلق خارج نطاق نفسه نسخةً طبقَ الأصل من نواياه. البقية منَّا فقط يخلقون فوضى، أو شيئًا خشبيًّا هشًّا على نحو ميؤوس منه، بغَضِّ النظر عن مدى براعتنا في تخيُّله. هذا لا يعني أننا جميعًا لا نمتلك حيِّزًا مُعيَّنًا يمكننا فيه أن نحقِّق ذواتنا غريزيًّا، أن نقفز دون النظر، لكن استدعاء الأشياء إلى وجودٍ دائم لَهُوَ إنجازٌ من مرتبة مختلفة. أقرب ما وصل إليه معظم الناس من ذلك التَّحقُّق هو إنجاب طفل. ولا مكان مكتوبةٌ فيه أخطاؤنا وقصورنا أكثر وضوحًا من هناك: فِعلُ إنجابنا طفلًا!"".
",,,,المحروسة للنشر والمعلومات الصحفية والبحوث,,https://cdn.aseeralkotb.com/storage/media/306950/conversions/مكان-ثان-26661-200x300-jpg.jpg,,
دكستر,,محمد عصمت,"وحش ساحِر، بطل رهيب، القاتِل المُتسلسِل الذي لا يقتُل سوى الأشرار قد عاد للصيد، أو على الأقل سيعود إذا ما تمكَّن من التخلُّص من ظله الذي لا يُفارِقه، منذ أن تقاطعت سبلهما للمرة الأولى.يُلاحِق الرقيب دوكس ديكستر الوسيم، الساحِر، والمهووس بالقتل، ربما يكون ديكستر مُحلِّل بقع دم ضمن قوة شُرطة ميامي،لكن دوكس لديه فكرة جيدة للغاية عن الطريقة التي يُفضِّل ديكستر قضاء وقت فراغه بها، وهو مُصمِّم على القبض عليه بالجرم المشهود.
ثُم يظهر جسد، مشوَّه للغاية وبالكاد يتنفَّس، ومن أجل القبض على الجاني.. سيتعيَّن على دوكس وديكستر أن يعملان معًا، وسيتحتَّم على أحدهما أن يكون الطُعْم.

",,,,كيان للنشر والتوزيع,,https://cdn.aseeralkotb.com/storage/media/307160/conversions/دكستر-26731-200x300-jpg.jpg,,
النقد الجديد,,,"كانت الحركة الأدبية في أمريكا جزءًا من اليقظة الخلَّاقة في أوروبا، غير أنها كانت تتميز بشكلٍ واضح عن نظيرتها في إنجلترا، وفرنسا، وإيطاليا، وألمانيا، وروسيا، وإسكنديناوة، ذلك لأن حضارة الولايات المتحدة تختلف اختلافًا شديدًا عن الحضارة في أوروبا، ووجه الخلاف هو أنها — حتى عهدٍ قريبٍ جدًّا — كانت دائمًا في حالة تطور وارتقاء. إن الثقافة الأمريكية — وأعني نمط طريقة الحياة كلها — ثقافة منقولة، وهي نتيجة لتأثير ثقافةٍ متقدمة في مساحاتٍ من الفضاء آخِذة في التضاؤل. ولم تكن الحال كذلك بالنسبة إلى ثقافات أوروبا، حيث كان الناس يُقيمون في نفس الأمكنة لأكثر من ألف عامٍ، وأُتيحت لهم الفرصة لتطوير صِفتهم الوطنية والثقافية من منشئها البدائي خلال مراحل التقدم المختلفة حتى بلغت طور المدنية المعقدة التي نعرفها اليوم
",,,,مقالات,,https://cdn.aseeralkotb.com/storage/media/306413/conversions/النقد-الجديد-26481-200x300-jpg.jpg,,
سلام من باطن الاض,,,"نحن في بداية الطريق لرحلتنا، أو قد نكون قد وصلنا للنهاية التي ظللنا لعقود نكابر بشأنها، وهي انتهاء البشرية ونهاية الزمان، لكن سلام أحيا أملًا بداخلي، وشجعني على الاستمرار بالرحلة كوني الناجية الوحيدة من الانفجار، وتراتيب القدر هي التي وضعت أسبابًا لا يفهمها العقل البشري لكنها في مصلحته دائمًا، فهنالك الكثير الذي يجب على إبراهام الإفصاح عنه الآن، فلقد حمانا حكيم لفترة طويلة جدًا، وكان من المفترض أن يكون واضحًا في أمور رئيسية كانت ستغنينا اليوم عن الكثير بدلًا من أن أعيش هكذا في اللامعلوم، كان من حقي وباعتباري ابنة الظلام أن أعرف الكثير مما أخفاه حكيم، وبدأت أشك حقًا بمدى حكمته في اتخاذ قرارات مماثلة.
",,,,روايات عربية,,https://cdn.aseeralkotb.com/storage/media/308264/conversions/سلام-من-باطن-الاض-27061-200x300-jpg.jpg,,
لوحات الفنان الكبير حلمي التوني تقول لكم لونوني,,,اصددارات معرض القاهرة الدولي للكتاب 2023,,,,كتب متنوعة,,https://cdn.aseeralkotb.com/storage/media/306566/conversions/لوحات-الفنان-الكبير-حلمي-التوني-تقول-لكم-لونوني-26533-200x300-jpg.jpg,,
بلاد المسخ,,,": ربما اختلفت الأماكن.. تغيرت أسماءها وأزمانها.. ولكن تبقى الهموم ذاتها حاضرة في كُل زمان ومكان.. على أمل أنيأتي اليوم الذي يتغير فيه البشر أنفسهم.. حينها سيغدو العالم مكانًا أفضل.. وإلا يكُتب علينا أن نحيا عمرنا كله هناك.. في بلادالمسخ.

",,,,روايات عربية,,https://cdn.aseeralkotb.com/storage/media/309018/conversions/بلاد-المسخ-27274-200x300-jpg.jpg,,
قصص أشباح,,إيمان حرزالله,"""حين ظَنَنتُ في البداية أنه يريد مساعدتنا؟ كنتُ مُخطِئًا ببساطة. كنت -لا أعرف كيف أصيغ هذا- متحمِّسًا ومفتونًا، لحَدِّ أنني لم أفهم. لكنني فهمتُ أخيرًا. إنه يريد التواصل معنا فحسب. إنه يخرج من ظلامه، ويمدُّ إلينا يده من خصوصية أسراره، ليوضح لنا بإشارات مبهمة رُعبَه""مختارات من ""قصص أشباح"" للكاتبهنري جيمس.

",,,,المحروسة للنشر والمعلومات الصحفية والبحوث,,https://cdn.aseeralkotb.com/storage/media/307850/conversions/قصص-أشباح-26938-200x300-jpg.jpg,,
نداء البرية,,منتصر أمين,"الكلب ""باك"" الأليف المُدلل يجد نفسه بين ليلة وضحاها مختطفًا، مسجونًا، يُنكّل به في سياتل. لا يعرف كيف قادته رحلته إلى ألاسكا، لكن لا يستقر به المقام كثيرًا، فينتقل إلى صقيع كندا، حيث تُصبح الكلاب حلقة مهمة في سلسلة التنقيب عن الذهب. على ""باك"" أن يتعلم كيف ينجو خارج حدود مناطقه الآمنة، كيف يواكب الحياة القاسية، وينجو في البرد القارس.
",,,,الرواق للنشر والتوزيع,,https://cdn.aseeralkotb.com/storage/media/306545/conversions/نداء-البرية-26526-200x300-jpg.jpg,,
ضمير الغائب,,,"ماذا يحدث لو أصبح الزيف بديلًا عن الضمير، وبديلًا عن الصدق، وبديلًا عن الحقيقة، وربما بديلًا عن الحياة نفسها؟!نحن هنا أمام بطل استثنائي يخوض رحلةً البحث عن سبب موت والده، وخلال تلك الرحلة تتوالى الاكتشافات حتى يصبح كل شيء حاضرًا وغائبًا في الوقت نفسه، ويصبح «الحسين» بطل الرواية أمام سؤال شخصي عن الهوية وعن الوجود، حين تصبح كل الأمور اليقينية التي عرفها عن العالم هي مجرد احتمال.. 
في هذه الرواية البديعة نعيش في ارتحال مع النفس الإنسانية المتمثلة في شخصية البطل؛ لنكتشف معًا كيف يجد الإنسان نفسه، وسط كل ذلك التيه المسمى بـ«العالم».

",,,,روايات عربية،روايات أدبية,,https://cdn.aseeralkotb.com/storage/media/307208/conversions/ضمير-الغائب-26747-200x300-jpg.jpg,,
مذكرات نزيل جهنم,,,تدور أحداث الرواية بعد الحرب العالمية الأولى حيث يعود منير من غربة طويلة ليفاجئه القدر بأحداث من الماضي تطارده في جو من الإثارة والرعب. هل يستطيع منير الهروب أم سيضطر لمواجهة الماضي رغم ما يعترضه من مخاوف وشكوك وهل سينجو مما يحاك له أم يسقط في شرك لا يستطيع النجاة منه؟,,,,روايات عربية,,https://cdn.aseeralkotb.com/storage/media/308114/conversions/مذكرات-نزيل-جهنم-27011-200x300-jpg.jpg,,
علم النفس الأسود,,,اصدارات معرض القاهرة الدولي للكتاب 2023,,,,علم نفس,,https://cdn.aseeralkotb.com/storage/media/306482/conversions/علم-النفس-الأسود-26505-200x300-jpg.jpg,,
الميراث,,,"ها هو أخيرًا الكتاب الذي كتبته ""جو""، إذ تاقت أجيال من المعجبين لسبر أغوار رومانسية ""ألكوت"" الأولى، والتي ألمحت إليها بشكل آسر في صفحات كتابها ""نساء صغيرات""، الذي هو بمثابة السيرة الذاتية الكلاسيكية لها.الآن، وبعد ما يقارب المئة والخمسين عامًا قضتها رواية ""لويزا ماي ألكوت"" الأولى في أرشيف وثائق الأسرة، وصلت أخيرًا إلى جمهورها المتلهف.

تدور أحداث الرواية في قصر ريفي إنكليزي، ومن خلالها نتابع تعثر حظوظ ""إيديث أديلون""، وهي فتاة يتيمة وفقيرة، ومن أصل إيطالي، أكسبها ولاؤها وجمالها رعاية الأصدقاء الأثرياء، إلى أن تدبرت منافستها الغيور حيلةً لسلبها ما تنعم به لدى تلك العائلة.

في القلادة حول عنقها، كانت تحمل سرًّا عميقًا عن حقّها الشرعي بالثروة، ولكن حقيقةً أخرى أكثر عظمة حتى كانت مخبأة في قلب ""إيديث""، ألا وهي تبجيلها العميق للورد ""بيرسي"" اللطيف والنبيل، الصديق الوحيد الذي يمكنه إنقاذها من مؤامرات السيدة ""إيدا"" الحقودة والحاسدة.

هذه الرواية التي يستدعي سحرها إلى الذاكرة ""جين أوستن""، بالبساطة الكامنة فيها والعواطف الجياشة، تؤكد على انتصار قوة كل من الحب والكياسة.

كتبتها ""لويزا"" في عام 1849، وهي لا تزال في السابعة عشرة من عمرها، لتبيّن من خلالها الفضية والقيم بطريقة جميلة.

",,,,روايات عربية,,https://cdn.aseeralkotb.com/storage/media/309741/conversions/الميراث-3-27472-200x300-jpg.jpg,,
المسلمة الخفية رحلات عبر البياض والإسلام,,,"إننا ببساطة أمام كتاب ثري، لمؤلفة وشاعرة ومترجمة أنجلو أمريكية شابة، تأخذنا في رحلة، أو رحلات جغرافية، عبر العالم من كينيا وتنزانيا، إلى التبت وإيران وتركيا والبوسنة وإسبانيا والمملكة المتحدة؛ ورحلات تاريخية حيث يغطي الكتاب جزءًا لا بأس به من تاريخ الإسلام في التبت وتاريخ الإسلام في الأندلس. من خلالهذه الرحلات تطرح المؤلفة بعض أهم القضايا التي تتعلق بالإسلام، وخاصة في الغرب، من منظور مسلمة غربية بيضاء، تحاولفي الوقت الذي تحافظ على تقاليد دينهاأن تعيش حياتها في مجتمعها بدون أن تشذ عن أعرافه حتى لا تكون لافتة للأنظار أو موضع فضول ومن هنا جاء وصفها لنفسها بأنها مسلمة خفية.
",,,,كتب متنوعة,,https://cdn.aseeralkotb.com/storage/media/309720/conversions/المسلمة-الخفية-رحلات-عبر-البياض-والإسلام-27465-200x300-jpg.jpg,,
ممتلئ بالفراغ,,,"قد كنا ببساطة.. نهرب من أنفسنا.نستخدم الطعام، الإباحيات، الجنس، العلاقات، الشراء، والانغماس مع هواتفنا كمغيرات للحالة النفسية، كمسكنات لألم عميق قد لا نعي به.نملأ بها فجوة داخلية تجذرت فينا مبكرًا، نضمد صدمة أحدثت شرخًا في اللغة لم نستطع مداواتها إلا بالتلهي عنها بسلوكٍ قهري.كان الإدمان صرختن

ا البكماء، وتوجعنا المكتوم، وأنيننا الموؤود. 
وهنا خارطة طريق للتوقف عن الفرار من ذواتنا

",,,,تنمية ذاتية وعلم نفس،علم نفس,,https://cdn.aseeralkotb.com/storage/media/306434/conversions/ممتلئ-بالفراغ-26488-200x300-jpg.jpg,,
الدحيحه,,,"يقول المثل: فاقد الشيء لا يعطيه، ولكنه أحيانًا يعطيه بغزارة. ديانا افتقدت الحب في حياتِها فمنحته لكل مَن حولها. كانت كالشمس مصدرًا للضوء والدفء، فدار الرجال في فلكِها منجذبين إلى نورِها، ولكن مَن اقترب منها احترق بنارِها؛ فمن قتل ديانا؟ وكيف قُتِلت؟ كيف عاشت؟ وكيف أحبَّت؟ كيف انتصرت؟ وكيف هُزِمت؟ والأهم من كل ذلك، كيف استطاعت الفوز بحب الملايين في حياتها إلى درجة جعلتها من أشهر شخصيات العالم وأكثرهم شعبية رغم مرور أكثر من 25 عامًا على وفاتها؟
",,,,كتب متنوعة,,https://cdn.aseeralkotb.com/storage/media/307139/conversions/الدحيحه-26724-200x300-jpg.jpg,,
صوره شخصيه لزوجه شاعر,,,"«الشيء الوحيد الذي كانت «هي» متيقنة منه: أنها تحب ذلك الرجل؛ أنها تحب، وبعمق، رجلًا لم يكن يشبه في شيء نجوم السينما في هوليوود، إلا أنه كان أروع إنسان عرفته واستطاعت أن تتواصل معه، وهي الخجولة الصموت بطبعها».تقدِّم لنا هذه السيرة الكاشفة للفنانة منى قطان، زوجة الشاعر والفنان صلاح جاهين، قصة رجل وامرأة، أقسما أحدهما للآخر أن يعيشا معًا على الحلوة والمُرة. نرافق فيها العاشقَين على دربهما المجبول من حرير وشوك، حيث حدس شاعرها الفطري يمنحها مرفأً أكثر أمنًا، وهي عروس شِعره الملهِمة، بينما يستمدان الراحة من وجودهما معًا، مشتبكي اليدين على قمة العالم.
إنها سيرة ممتعة نرى من خلالها زمنًا ولَّى، تجمع بين بساطة ظاهرية وتجربة حياتية ثرية وعميقة.

",,,,,,https://cdn.aseeralkotb.com/storage/media/306512/conversions/صوره-شخصيه-لزوجه-شاعر-26515-200x300-jpg.jpg,,
أرجوك أطفئ الشمس,,,"(( أتساءل أحيانًا: لماذا يُصِرُّ الإنسان على الحديث قبل أن تصعد رَوحه إلى السماء؟يريد أن يُخفِّف من الثِّقل الذي أطبق على صدره، حتى قبل أن يموت!فماذا لو صعدت أرواحنا إلى السماء وهي ما زالت مُثقَّلة بالكلام الذي لم نقُله؟أعتقد أنَّها ستصعد ببطء شديد..لذا كان عليَّ أن أحكي حكايتي.. حكايتي التي


أطبقَت على صدري، وأكلت من روحي.. ))

",,,,روايات عربية,,https://cdn.aseeralkotb.com/storage/media/307448/conversions/أرجوك-أطفئ-الشمس-26812-200x300-jpg.jpg,,
تقويم الحكمة خواطر يومية لإثراء الروح,,,"تقدم مجموعة ""خواطر يومية لإثراء الروح من النصوص المقدسة في العالم"" لكاتبها ليو تولستوي، دررًا من الإلهام والحكمة. ويصف المؤلف توماس كينيلي هذا الكتاب بأنه ""كتاب مجيد، ولكمْ نمتن لأنه عاش ما يكفي ليمنحنا إرثه الكبير"".هذه هي أول نسخة باللغة العربية من الكتاب الذي اعتبره ليو تولستوي أهم إسهاماته للإنسانية، والعمل الأبرز في سنوات حياته الأخيرة.

انتشر الكتاب على نطاق واسع في روسيا ما قبل الثورة، ثم مُنِع تحت حكم الشيوعية حتى أصبح منسيًّا. وأعيد اكتشافه مؤخرًا بحماسة كبيرة. إن تقويم الحكمة هو دليل يومي يضيء مسار الحياة التي تستحق أن تُعاش في سطوعٍ لا يخفت بمرور الوقت.

وبعد خضوعه للرقابة الجائرة لما يقرب من قرنٍ من الزمان، يستحق هذا الكتاب أن يوضع مع الكتب القليلة في تاريخنا التي لن تنفك تعلّمنا عن جوهر الأمور النفيسة في هذا العالم.

",,,,كتب متنوعة,,https://cdn.aseeralkotb.com/storage/media/309735/conversions/تقويم-الحكمة-خواطر-يومية-لإثراء-الروح-27470-200x300-jpg.jpg,,
مساحة نفسية,,,"« مع اختلاف رحلاتنا في الحياةِ تتشابه كثيرًا عثراتنا وأزماتنا النفسية ، ونتشارك الاحتياج للخروج من المأزق والبحث عن التوازن والسلام النفسي ..هذا الكتاب يُسلط الضوء على أهم التحديات النفسية التي تواجهنا جميعًا في حياتنا اليومية، مع طرح الحلول، وكيف نخلق لأنفسنا مساحات نفسية نعيش فيها البراح والسكينة الداخلية»

",,,,علم نفس,,https://cdn.aseeralkotb.com/storage/media/306455/conversions/مساحة-نفسية-26495-200x300-jpg.jpg,,
عندما تطير الخنازير,,,"«كل إنسان عنده ما يخاف منه، وله أسبابه لذلك، الخوف دليل على الحياة.. مَن لا يخاف ميت.رواية عن الهوس، تجمع بين الخوف من الحياة والرغبة في تذوق أبسط معانيها.نظرة للحياة من منظور مريض الوسواس القهري، ورؤيته المختلفة كثيرًا عن رؤيتنا، حيث يجد نفسه يطرح أسئلة لأول مرة:هل الحياة هي مَن تحركنا أم نحن

من نحرك أنفسنا؟
هل حياتنا العادية سهلة حقًا كما نعتقد أم هي حلم صعب عند آخرين؟ وهل يمكننا العيش بمفردنا؟
هل نملك دورًا في هذه الحياة أم جئنا عبثًا؟
وكيف نصمد أمام نكبات الحياة؟».

",,,,روايات عربية,,https://cdn.aseeralkotb.com/storage/media/307945/conversions/عندما-تطير-الخنازير-26963-200x300-jpg.jpg,,
السنجة,,,"قبل. أي أنه هو نفسه مصدر معلومة أنه أديب شهير نوعًا. الأدباء ينتحرون دائمًا في النهاية، رجال التحريات يعرفون هذا، لكنهم كذلك يعرفون أن الأدباء لا يبذلون جهدًا في إخفاء جثثهم بعد الانتحار؛ إنهم مهملون ويتركون جثثهم بأمخاخها المتفجرة أو شرايينها المقطوعة في أي مكان، كأن باقي البشر خدم لهم، ولا عجب فهممغرورون أيضًا. إذن هل تصادف أن المدعو عصام الشرقاوي هو الكاتب الأكثر تحضرًا ونظامًا في السنوات الأخيرة؟في الصفحات التالية سوف نقوم بعمل بطولي. نحاول أن نعرف سر اختفاء المدعو عصام الشرقاوي. هذا يقتضي أن نبحث كثيرًا جدًّا إلى أن نجد خيطًا، وربما لا نجد.

",,,,روايات عربية،جريمة وتشويق,,https://cdn.aseeralkotb.com/storage/media/306368/conversions/السنجة-26467-200x300-jpg.jpg,,
سلام علي ابراهيم,,,"«في روايته الجديدة «سلامٌ على إبراهيم» يأخذنا محمد عفيفي إلى سنوات ما بعد الحرب العالمية الثانية في مصر؛ السنوات التي مهدت أحداثها للتغيرات العميقة التي حددت مصير مصر لعقود طويلة تالية.تقع الرواية في السنوات الثلاث التي أعقبت نهاية الحرب، البداية في مطلع عام 1946، والنهاية مع الختام الدامي لعام1948، ومن خلال ما يدور بين شخوصها، وجُلُّهم شخصيات تاريخية حقيقية، نكتشف بعض ما كان يدور في كواليس القصر الملكي حينئذ.

تجري الأحداث في أجواء الاحتفال بالمئوية الأولى لرحيل إبراهيم باشا، ومحاولات استغلالها في تجميل صورة فاروق وصورة الملكية المتراجعة شعبيًّا. وتستند إلى وقائع حقيقية، لكن محمد عفيفي لم يتعامل معها برؤية المؤرخ الذي يوثق حدثًا تاريخيًّا ويحلله، بل بخيال الروائي الذي يخلق الأحداث وينسج جمل الحوار متحررًا مما يكبل المؤرخ من قيود

",,,,روايات عربية،روايات تاريخية,,https://cdn.aseeralkotb.com/storage/media/306872/conversions/سلام-علي-ابراهيم-26635-200x300-jpg.jpg,,
سقوط ازرق,,,بطل قصتنا يخوض رحلة للهروب من أوهامه والواقع الذي يحيط به كي يصل إلى الحقيقة، فهل ستسعفه قواه أم سيسقط دون الوصول؟!,,,,روايات عربية,,https://cdn.aseeralkotb.com/storage/media/308144/conversions/سقوط-ازرق-27021-200x300-jpg.jpg,,
وحي الشيطان,,,أفكار يتمنى الشيطان لو أن يتعلمها، أحداث مخطط لها، ومفآجات تظهر لتغير شكل العالم الذي نعيش فيه، ليتكشف لنا شيئًا فشيئًا ما يُراد بنا، في وحي الشيطان يواصل عمرو المنوفي تتبع رحلة مخطوطة ابن الشيطان ليرى ماذا سيحدث؟,,,,روايات عربية,,https://cdn.aseeralkotb.com/storage/media/308117/conversions/وحي-الشيطان-27012-200x300-jpg.jpg,,
شيرلوك هولمز ... إرث جاك السفاح,,,"بعد زيارة يقوم بها السيد (رونالد تيمبل) لمنزل (شيرلوك هولمز) ودكتور (واطسون)، يكلِّفهما بالبحث عن طفله المخطوف. لم يتصل المختطِف لطلب الفدية، ولكن في الوقت ذاته هنالك خطرًا عظيمًا يهدد المجتمع الفيكتوري عن بكرة أبيه. يتضح أنها لم تكن عملية خطفٍ عادية على الإطلاق، وسرعان ما ستكون حياة أبطالنا على المحك. ما ميراث الصبي الحقيقي؟ وما علاقته بجرائم القتل التي وقعت في (وايت تشابل) قبل عقدٍ من الزمان.
",,,,روايات عربية،جريمة وتشويق,,https://cdn.aseeralkotb.com/storage/media/307175/conversions/شيرلوك-هولمز-إرث-جاك-السفاح-26736-200x300-jpg.jpg,,
ظلام في رأسي,,,"كلنا بشر، وكلنا لدينا هموم ومشكلات، لا يوجد شخصٌ على وجه الكرة الأرضيَّة لم تمر عليه أوقات يأس وإحباط، كَرِهَ فيها نفسَه والدنيا والناس مِن حوله..لكننا نخلط ما بين الاكتئاب كمرض وبين الإحباط والحزن والضيق، فإذا كنتَ محبطًا من موقف صعب مرّ بك، أو حزينًا على ضياع فرصة هامة أو فقد عزيز عليك؛ فهذا لا يعني بالضرورة أنك مكتئب.

الاكتئاب أمر مختلف، له حكاية مختلفة، وأحيانًا يختار أشخاصًا معينين دون غيرهم كي يهاجمهم، مما يجعلهم هم ومن حولهم يتساءلون: هل هناك علاج للاكتئاب؟ هل يمكن الشفاء منه؟ كيف نحمي أنفسنا من الإصابة به؟ كيف نستطيع أن نخرج من أي حالة حزن أو ضيق نمر بها؟


بين يديك الآن كتاب لن يكون مفيدًا للمكتئبين وحسب، بل مفيدٌ لكلِّ مَن يقرؤه.

",,,,تنمية ذاتية وعلم نفس,,https://cdn.aseeralkotb.com/storage/media/306689/conversions/ظلام-في-رأسي-26574-200x300-jpg.jpg,,
يوم التريفيدات,,د. أحمد تركي,"«في بعض أنحاء العالم سيذهب المرء إلى أول منزل يلوح في الأفق ويلتقط منه سلاحًا ناريًا مناسبًا دون الكثير من البحث، لكن هامستيد ضاحية مُحترمة للغاية، للأسف، وسيكون البحث عن سلاحٍ أمر صعب، لكن غير مستحيل، ما فكرت فيه هو إبقائه في مرمى بصري وآملُ أن تتوفر فرصة تسمح لي بالتعامل معه، كسرت غصن شجرة، واندفعت إلى الحائط لأدق عليه وأتخذه طريقًا، تمنيت ألا يُمكن تمييزي عن مئات الرجال المكفوفين الذين يتجولون في الشوارع بنفس الطريقة».
",,,,العليا / الرسم بالكلمات للنشر والتوزيع,,https://cdn.aseeralkotb.com/storage/media/307100/conversions/يوم-التريفيدات-26711-200x300-jpg.jpg,,
ما يذكرني بك,,نورا ناجي,"مٌّ شابة تناضل من أجل الفوز بمكانٍ في حياة طفلتها، لكن هل من متسعٍ لها؟ بعد قضاء خمس سنوات في السجن لارتكابها خطأ مأساويًّا، تعود كينا روان إلى المدينة التي حدث فيها كل شيء، آملة في لمِّ شملها وابنتها البالغة من العمر أربع سنوات. لكن الجسور التي أحرقتها كينا لا يمكن بناؤها من جديدٍ، فكل شخص في حياةابنتها مصممٌ على إقصائها، رغم كل جهودها في إثبات حسن نيَّتها. الشخص الوحيد الذي لم يغلق الباب في وجهها كان ليدجر وارد، صاحب حانة محلية، وأحد الروابط القليلة المتبقية بين كينا وابنتها، لكنهما خائفان من أن يكتشف أيُّ شخصٍ علاقتهما التي تزداد قوة، والتي بسببها ربما يخسران ثقة كل شخصٍ مهمٍّ في حياتهما. يتعلق الاثنان أحدهما بالآخر على الرغم من كل الضغوطات، ولكن مع نمو علاقتهما الرومانسية تزداد المخاطر أيضًا، ويجب أن تجد كينا طريقة لتصحيح أخطاء ماضيها، لتندمل الجِراح ويشرق مستقبلٌ جديدٌ
",,,,كيان للنشر والتوزيع,,https://cdn.aseeralkotb.com/storage/media/307130/conversions/ما-يذكرني-بك-26721-200x300-jpg.jpg,,
تاريخ مصر بين القديم والحديث,,,«هذا الكتاب يتحدث عن تراث مصر القديمة وعن حكايات مصرية من الزمن الجميل، ويقدم لمحة تاريخية عن المدن والقرى المصرية. والتراث هو ما ينتقل من عادات وتقاليد وعلوم و آداب وفنون ونحوها من جيل إلى جيل، ويعد الكتاب رحلة تاريخية ثقافية سياحية ممتعة».,,,,تاريخ,,https://cdn.aseeralkotb.com/storage/media/307088/conversions/تاريخ-مصر-بين-القديم-والحديث-26707-200x300-jpg.jpg,,
ما أتحدث عنه حين أتحدث عن الجري,,,"ذكر أحد العدائين لازمة علّمه إياها أخوه الأكبر، وهو عداء أيضًا، فكان يفكر فيها منذ أن بدأ الجري. تقول هذه اللازمة ""الألم حتمي لكن المعاناة اختيار"". لنقل إنك تجري وأخذت تقول في نفسك ""هذا مؤلم يا رجل، لا يمكنني المضي أكثر""، سيكون الجزء المتعلق بالألم واقعًا لا يمكن تفاديه، لكن احتماله أو عدم احتماله هو أمر عائد إلى العدّاء نفسه. وهذا يلخص تمامًا الجانب المهم من جري الماراثون.
لقد مرت عشر سنوات منذ أن خطرت لي فكرة كتاب حول الجري، لكن السنوات مضت وأنا أحاول بطريقة تلو الأخرى، دون أن أستقر فعليًا لكتابته. فالجري موضوع غامض، ووجدت صعوبة في تحديد ما أود قوله عنه.

ولكني عزمت في لحظة ما على أن أكتب بصدقٍ أفكاري ومشاعري حيال الجري وأن ألزم أسلوبي الخاص، ووجدت أن هذه هي الوسيلة الوحيدة للمضي قدمًا، وبدأت الكتابة شيئًا فشيئًا في صيف عام 2005، وأنهيته خريف عام 2006. باستثناء المواضع التي اقتبست فيها من كتاباتي السابقة، فإن متن هذا الكتاب هو تدوين لأفكاري ومشاعري من دون إبطاء. وقد لاحظت أن الكتابة بصدق عن الجري والكتابة بصدق عن نفسي كانتا الأمر نفسه تقريبًا. لذا فإني أفترض أنه لا بأس بقراءة هذا باعتباره نوعًا من المذكرات المرتكزة إلى فعل الجري.

",,,,سيرة ومذكرات,,https://cdn.aseeralkotb.com/storage/media/310145/conversions/ما-أتحدث-عنه-حين-أتحدث-عن-الجري-27605-200x300-jpg.jpg,,
عالم مغلق باتساع,,,اصدارات معرض القاهرة للكتاب 2023,,,,روايات عربية,,https://cdn.aseeralkotb.com/storage/media/306425/conversions/عالم-مغلق-باتساع-26485-200x300-jpg.jpg,,
كان علي ان اموت صغيرا,,,«كُلنا سيٌئون بِلا استثناء، الشيء الذي يفرق بيننا أن الجميع لم يصطدم بعد بجانبه المُظلم والقبيح، فلولا لطف القدر بالكثير، لكُنا جميعًا في أزمةٍ كبيرةٍ مع عذابِ الضمير.. والرسوخِ لفكرة أننا بطريقةِ ما، ولدنا أشرارًا، كي يبكِ الطيبون.. وتكتمل الحياة».,,,,روايات عربية,,https://cdn.aseeralkotb.com/storage/media/307951/conversions/كان-علي-ان-اموت-صغيرا-26965-200x300-jpg.jpg,,
انطباعات صغيرة حول حادث كبير,,,"في كتاب «انطباعات صغيرة حول حادث كبير» استطاع إبراهيم أصلان كعادته أن يلتقط ما يبدو عاديًّا مارًّا في يومياتنا، لينتقي منه مناطق يُبروزها ليضع القارئ في حالة شعرية بامتياز عبر حساسية مُرهفة في اصطياد المشهد الأكثر إنسانية من قلب الأحداث الكبرى أو الصغرى..فبينما قامت ثورة في تونس يتابع العالمُ أحداثها، يلتقط أصلان بؤرتها في مشهد محمد البوعزيزي نائمًا ملفوفًا بالشاش يقف بجانبه الرئيس يلتقط الصور أمام كاميرات الصحافة والإعلام، وبين هذه اللقطة وأبيات أبي القاسم الشابي عن إرادة الشعوب، يجول الكاتب في ذكريات وأحوال، ثم تتوالى الفصول انتقالًا إلى ما حدث في مصر يوم 25 يناير، جائلًا بعينيه في الشوارع الجانبية لما يحدث، والأحوال القريبة من ميدان التحرير أو البعيدة عنه، بينما تتمحور الحكايات حول فكرة أن مصر لم تتغير فجأة، وإنما استعادت ما كانت جديرة به، هكذا لم تكن الثورة وليدة اللحظة، وهكذا لم تكن تلك الكتابة في حقيقتها وليدة اللحظة.
",,,,نصوص وخواطر,,https://cdn.aseeralkotb.com/storage/media/307892/conversions/انطباعات-صغيرة-حول-حادث-كبير-26948-200x300-jpg.jpg,,
أشباح سي السيد,,,إصدارات معرض القاهرة 2023,,,,كتب متنوعة,,https://cdn.aseeralkotb.com/storage/media/308051/conversions/أشباح-سي-السيد-26992-200x300-jpg.jpg,,
الذكاء الاصطناعي,,,"في عصرنا هذا، تحيط تطبيقاتُ الذكاء الاصطناعي بنا في كل مكان، وتؤثِّر في جميع جوانب حياتنا؛ في البيوت، والمدارس، وأماكن العمل، ودُور السينما، والمعارض الفنية، وعلى الإنترنت بالأخص. ولا تُقدَّر قيمةُ الذكاء الاصطناعي بثمنٍ في شتى مجالات العلوم حاليًّا، لا سيما لدى علماء الأحياء وعلماء النفس واللُّغويين؛ إذ ساعَد في فَهمِ عمليات الذاكرة والتعلُّم واللغة من زوايا جديدة. ومن حيث المفهوم، غذَّى الذكاء الاصطناعي وشحذ النقاشاتِ الفلسفيةَ المتعلِّقة بطبيعة العقل والذكاء وتفرُّد البشر. ويتناول هذا الكتاب من سلسلة «مقدمة قصيرة جدًّا» تاريخَ الذكاء الاصطناعي، ونجاحاته، وحدوده، وأهدافه المستقبلية، ويَستعرض كذلك التحدِّيات الفلسفية والتكنولوجية ذات الصلة، إضافةً إلى بحثِ مسألةِ ما إذا كانت البرامج ذكيةً بحقٍّ أو حتى واعية، وبيان كيف أن الذكاء الاصطناعي ساعَدنا في تقديرِ مدى روعة العقول البشرية والحيوانية. كما يسلِّط الضوءَ على أهم المخاوف المرتبِطة بمستقبَل الذكاء الاصطناعي، وهل سيظل مُسخَّرًا لخدمة البشرية أم سيصير سببًا في تدميرها.
",,,,كتب متنوعة,,https://cdn.aseeralkotb.com/storage/media/308910/conversions/الذكاء-الاصطناعي-2-27238-200x300-jpg.jpg,,
غموض علمي,,,"عشرة أشخاص يجدون أنفسهم من دون ذكريات في مكان لا ينتمي لهذا العالم، يعيشون فيه رحلات فريدة تثير الفضول وتدمج بين النظريات العلمية والحقائق بالخيال، ومع كل ذكرى مفقودة يجدونها في رحلاتهم تبدأ الألغاز في الظهور لتكشف ما لم يتوقعه أحد...سنخوض رحلة مع عالم قد فقد عائلته وقرر فعل المستحيل لإرجاعهم، رحلةٌ أخرى لكشف سر التطبيق الذي نصّب نفسه على أجهزة محمول لشخصين ويتنبأ بموتهما، رحلة يقوم بها منتج أفلام وثائقية بتصوير تجربة غير أخلاقية بظروف لم تصنعها الطبيعة من قبل، رحلة لشخص امتلك أقوى سلاح في العالم لتطبيق انتقامه، ورحلة لعصر تحكّم فيه الحشرات البشرية...

",,,,كتب متنوعة,,https://cdn.aseeralkotb.com/storage/media/306647/conversions/غموض-علمي-26560-200x300-jpg.jpg,,
لاشين 8 : لعبة ناجورو,,,اصدارات معرض القاهرة للكتاب 2023,,,,رعب وغموض,,https://cdn.aseeralkotb.com/storage/media/306842/conversions/لاشين-8-لعبة-ناجورو-26625-200x300-jpg.jpg,,
رهن علي نفسك,,ولاء كمال,"راهن على نفسك""ماذا لو كنت تعرف شخصًا تعاون بشكل وثيق مع أقوى التنفيذيين في العالم، ولاحظ ما جعلهم ناجحين ثم طبق هذه الخبرة كي يبدأ مساره المهني الناجح؟ آن هيات هي هذا الشخص"".ستيفن ليفي، مؤلف كتاب Facebook: The Inside Story""كتاب راهن على نفسك هو نظرة نادرة داخل شركات مثل جوجل وأمازون، ودل

يل استرشادي يصحبك خطوة بخطوة نحو الدعم الذي سيلهم كل قارئ كي يحقق أحلامه ويخلق فرصًا ثورية"".

بابلو رودريجز، سفير مشروع (Google’s Moonshot Factory ،Moonshots (X،

""تعلم آن هيات ما يتطلبه إنجاز الأشياء – ولذلك اعتمد عليها كبار المديرين في أمازون وجوجل. كتابها مليء بالنصائح الحكيمة حول أخذ المخاطر بذكاء، الإيمان بأفكارك، وزيادة تأثيرك"".

آدم جرانت، مؤلف الكتاب الأعلى مبيعًا ""Think Again""

""يجب أن يتواجد هذا الكتاب فوق أرفف كل المكتبات الشخصية حرفيًّا""!

سكوت ديوك كومينرز، الأستاذ المساعد بكلية هارفارد للأعمال.

",,,,المصرية اللبنانية للنشر والتوزيع,,https://cdn.aseeralkotb.com/storage/media/307508/conversions/رهن-علي-نفسك-26832-200x300-jpg.jpg,,
كن أقوي من مشاعرك,,منة الله مرتضي,اصدارات معرض القاهرة للكتاب 2023,,,,دون للنشر والتوزيع,,https://cdn.aseeralkotb.com/storage/media/306845/conversions/كن-أقوي-من-مشاعرك-26626-200x300-jpg.jpg,,
البحث عن اليقين,,أحمد الأهواني,"كان الإنسان في في ظل الفلسفات التقليدية يكتسب المعرفة، فيتغير، لأنه يستنير من حصوله عليها، فيصبح عارفًا بعد أن كان جاهلاً، ولكنها معرفة أشبه بالحلية التي تضاف إلى الشيء لتكسبه رونقًا فيصلح للزينة. أما المعرفة التي يطالب بها ديوى، فهي ذلك الضرب الذي يغير العالم لأنه يتدخل فيه ويوجهه.والمعرفة لا تُطلب لذاتها، ولا لأنها لا تفضي إلى الاستنارة وتبديد الجهل، بل لأنها تحقق الأمن حين ترسى قواعدنا على شاطئ اليقين.
إذا بلغ أحدنا اليقين اطمأن، واستقر، وإذا لم يبلغ اليقين، بل الشك أو اللايقين، أو الرجحان، أو الاحتمال، لم يستقر، ولم يطمئن...
ومن هذه الزاوية -نعني زاوية اليقين واللايقين وما يتردد بينهما من درجات مختلفة تقرب من اليقين أو تبتعد عنه- بحث ديوى في هذا الكتاب، فجاء عنوانه ""البحث عن اليقين"".

",,,,الكنزي للنشروالتوزيع,,https://cdn.aseeralkotb.com/storage/media/306809/conversions/البحث-عن-اليقين-2-26614-200x300-jpg.jpg,,
فن التعافي,,,"لكي تدرك الحكمة وراء التخلي والنسيان عليك أن تنظُر لنفسك ولسلامك النفسي أولًا..هُنا ستتعلم كيف:تدرك أنك مع الشخص المناسب؟تتخطى علاقة غير سوية؟تكون سعيدًا لأن العلاقة لم تنجح؟
تتجاوز وتداوي قلبك بالتعافي من الأ لم؟
تدرك أنك غير مناسب للجميع وإنما لواحدٍ فقط؟
تتوقف عن التفكير في أحباء سابقي


ن؟
تتوقف عن الاتصال بأحدهم؟
تتصرف عندما يتركك أحدهم في منتصف الطريق؟
تملك الفرصة للبدء من جديد؟
تترك شخصًا ليس كفئًا لك؟
تسمح لأحدهم بالرحيل؟
تتخلى عن أشياء غير مقدرة لك؟
تدرك السبب الحقيقي وراء تغيره معك؟
تشعر بالامتنان لشخص حطم قلبك إلى الأبد؟
تتمكن من التوقف عن حبهم؟

",,,,تنمية ذاتية وعلم نفس,,https://cdn.aseeralkotb.com/storage/media/306581/conversions/فن-التعافي-26538-200x300-jpg.jpg,,
صديق قديم جدا,,,"وفي أحدث رواياته، يأخذنا إبراهيم أصلان، في رحلة مدهشة، يتداخل فيها الذاتي بالخيالي، ليقدم نصا بديعا يتوفر على جميع الخصائص الفنية والأسلوبية التي أسستها كتابة صاحب ""مالك الحزين"" وحفرت لها بعمق في التربة السردية العربية.كعادته، يبدأ أصلان من لحظة عابرة ليحولها بيد صائغ إلى عالم واسع محتشد بالتفاصيل، من البحث عن اسم صديق قديم غاب في غبار الأوراق المهملة وتخلت عنه الخرائط، يبدأ البحث، وتتشكل رحلة الاستحضار؛ استحضار وجود غاب أبطاله الأصليون مخلفين بالكاد أسماء علقت بالذاكرة وتشبثت، رافضة مغادرتها.

هكذا يخوض أصلان في ""صديق قديم جدا"" بحثا محموما، مدعوما بذاكرة ما تزال واثقة في قدرتها، ليس فقط على استعادة عالم مندثر، لكن، أيضا، على ترميمه، لينهض متجسدا مكتملا كأنه لم ينسلخ عن صاحبه يوما.

",,,,روايات عربية،روايات أدبية,,https://cdn.aseeralkotb.com/storage/media/306893/conversions/صديق-قديم-جدا-26642-200x300-jpg.jpg,,
شارع بن يهودا,,,"إنها بالفعل تل أبيب!يرى الآن إسرائيل من تلك الشرفة العالية في بناية جوردون إن بشارع بن يهودا. ما الذي جاء به إلى هنا بعد كل تلك السنوات من أسر أبيه في سجن عتليت، وموت عمه الغامض في اليمن؟يكاد لا يصدق أن رحلته الدائرية بين مصر والأردن وأمريكا قد مرّت بكل هذه الأحداث الغرائبية، وكأن الأقدار قد دفع
ته دفعًا ليكون شاهد يقين على مسيرة وطن، منذ دخول طلائع جيش لويس التاسع إلى المنصورة، والنكسة، وانهيار برجي مركز التجارة العالمي أمام عينيه في نيويورك، حتى الفوران الكبير.
هو الآن يرى ببصيرة حادة، ويستطيع أن يعترف ويحكي لنا: هل كان إعدامه في ميدان العباسية محض كابوس؟ ما الذي ذهب به إلى جبل الكرمل في حيفا، وماذا كان يفعل في شارع بن يهودا؟
إنها الرحلة التي سيكملها القارئ لأنه سيكتشف مع كل سطر؛ إنه كان مشاركًا فيها.

",,,,روايات عربية،روايات تاريخية,,https://cdn.aseeralkotb.com/storage/media/306995/conversions/شارع-بن-يهودا-26676-200x300-jpg.jpg,,
دائرة النار,,السيد طه,"الحقيقة الثابتة هي أن المعركة ستحدث والمواجهة مع جنود الظلام قادمة مهما كان الثمن..!إنهم يخططون لجلب الجحيم إلى العالم، وكانت ""ماريس"" هي الوحيدة التي يُمكنها التصدي لهم.. إلا أنها من عالم البشر، والبشر في هذه الحكاية لهم نقاط ضعف عديدة. والخوف كُل الخوف هو أن يسيطر هؤلاء الشياطين على العالم في النهاية.
في تلك الرواية: 
• قتـ ـال شرس من شأنه أن يقضي على العالم بأسره لو استسلم الجميع.
• حكاية مستوحاة من أحداث حقيقية لجماعة من غياهب الماضي في أمريكا، يسيرون في الشوارع مرتدين أقنعة بيضاء، ويبثون الرعب في قلوب الجميع.
• تضحيات كُبرى في سبيل استعادة الأمان في بلدة اتشحت سماؤها بالسواد في ليلة فارقة.
إما الانتصار أو الموت المحتوم!
هل تستطيع ""ماريس"" إيقاف مد جماعة ""الكلان"" قبل أن يكتبوا نهاية العالم؟
هل يكتشفون نقاط ضعفها في آخر لحظة؟ أم ستنجح في التخلص من آثار الماضي والتقدم مجددًا؟
هذه حكاية لبشرٍ يعانون من سيطرة الظلام على نفوس غيرهم، بشر يحاولون النجاة من نفقٍ ضيق، محفوف المخاطر من الجهتين. ولا بد لهم من النجاة كي ينجو معهم العالم.

",,,,دون للنشر والتوزيع,,https://cdn.aseeralkotb.com/storage/media/307211/conversions/دائرة-النار-26748-200x300-jpg.jpg,,
شوارع واثار,,,"تحكي الشوارع والآثار والقصور والأبنية حكايات من مضوا، لكل مكان حكاية بل مجموعة من الحكايات الممتدة، في هذا الكتاب تتجول الكاتبة في القاهرة لتحكي لنا تاريخها من شوارعها وآثارها
",,,,روايات عربية,,https://cdn.aseeralkotb.com/storage/media/308141/conversions/شوارع-واثار-27020-200x300-jpg.jpg,,
بوسطة,,,"(( كل واحد مننا في قلبه وعقله رسايل كتير لناس كانوا أو ما زالوا جزء من الطريق!كل واحد مننا عنده ""بُوسطة""!منعته الظروف في لحظتها إنه يبعتهالهم!إلى كل هؤلاء..أصحاب الرسايل المتحاشة في القلب..
والكلام اللي استصعبنا نقوله..
جايلكم ""بُوسطة""..
فيها كلام تعب القلوب..
كنّا فاكرين إننا مش هنعرف ن


قوله أو نعبّر عنه..
بس مافيش أصعب من الكلام المتحاش!
ودلوقتي جه وقت إنه يتكتب.. ويتقري..
لديكم ""بُوسطة"" مُسجَّلة بعلم الوصول!))

",,,,روايات عربية,,https://cdn.aseeralkotb.com/storage/media/307487/conversions/بوسطة-26825-200x300-jpg.jpg,,
فلسفة التفاحة,,,"لا يكاد يذكـر فـي أي محفـل علمي موضـوع يخص الجاذبية الأرضية إلا ويذكر « نيوتن » ؛ ذلك الفيلسوف العظيم الذي تربع على قمة العبقرية ، والذي يعد من أهـم مـن تحـدث عـن الجاذبية . وهذا الكتاب يبسـط موضـوع الجاذبية الأرضية ، كما جاءت على لسان نيوتن » ، بأسلوب رشيق ، يجمع بين الفلسفة التي استخدمها « نيوتن »في الوصول إلى البراهين ، وبين الطريقة العلمية المبشطة التي يفهمها القارئ غيـر المتخصص ، ليجـذ بين طيات الكتاب كشفا للعمـق أسرار الجاذبية ، وأسرار الطبيعة ، وقواعدها ونواميسها ، وحلا للالغاز التي طالما أحاظـت بهـا وأضاف الكاتـب ملتها رياضيا لنزهنة قضايا الجاذبية المهمة ؛ فجعل بذلك من كتابه موجـزا وافيا مهما لكل باحث ومهتم بتلك القضية العلمية المهمة
",,,,فكر وفلسفة,,https://cdn.aseeralkotb.com/storage/media/306818/conversions/فلسفة-التفاحة-26617-200x300-jpg.jpg,,
الإشعار القاتل,,,هو صوت ذلك الشعور الزائف بالقوة المفرطة الذي يعبر عن محاولات فاشلة للسيطرة على مشاعر الإثم أو الإكتئاب أو القلق كجوهر أى إدمان خطير، وهو السعى وراء المتعة والبحث عن شعور بالسعادة لا تستطيع الحياة ان تعطينا إياه.,,,,كتب متنوعة,,https://cdn.aseeralkotb.com/storage/media/307502/conversions/الإشعار-القاتل-26830-200x300-jpg.jpg,,
جريمة فيلا التجمع,,,"""هي بالفعل واحدة من أغرب الجرائم التي واجهتُها.. فالمتهم بالقتل فيها.. جميع القرائن والأدلة ضده.. بل اعترافاته نفسها.. تُدينه ولا تُبرِّئه.. ومطلوب مني إثبات براءته!لكن أغرب ما فيها.. اكتشافي أن القتيل.. اشترك بنفسه.. في التخطيط لقتله!""
",,,,جريمة وتشويق,,https://cdn.aseeralkotb.com/storage/media/306719/conversions/جريمة-فيلا-التجمع-26584-200x300-jpg.jpg,,
الكبرياء الصيني,,,الرواية مستلهمة من أحداث حقيقية وأضاف إليها تفاصيل أخرى جديدة تدور حول قدوم بطل صينى إلى مصر بالصدفة ويعيش بها ويكون أسرة وينجب أطفالًا واستقر بها طيلة حياته وكانت رحلة طويلة.,,,,روايات عربية،روايات أدبية,,https://cdn.aseeralkotb.com/storage/media/306380/conversions/الكبرياء-الصيني-26471-200x300-jpg.jpg,,
كلما وجدت معني للحياة يغيرونه,,د. شهرت العالم,اصدارات معرض القاهرة للكتاب 2023,,,,آفاق للنشر والتوزيع _مصر,,https://cdn.aseeralkotb.com/storage/media/307289/conversions/كلما-وجدت-معني-للحياة-يغيرونه-26771-200x300-jpg.jpg,,
أن ترى الله,,,"(( الله أكبر..أكبر من كُل شيء، وشيء..يُحبك لأنه يراك، ويُريد منك أن تراه..دعنّي أدعُوك وإيايّ إلى رحلة..رحلة إلى الملكُوت..
نُحلِق عاليًا ونهيم بين سكراتِ العشق الإلهي، ونسمُو حيثُ نصلّ..
لليوم الذي تلتقي ""الله"" وتراه حقـًا..
يومئذٍ يلقى المرء ""الله"" ويراه كما يرى الشمس في ا


لسماء، والقمر ليلة البدر دُون سُحب في السماء..

أن ترى الله..

يراه حقـًا.. ))

",,,,كتب متنوعة,,https://cdn.aseeralkotb.com/storage/media/307445/conversions/أن-تري-الله-26811-200x300-jpg.jpg,,
أجنحة جبل التنين,,د. أحمد ظريف,"بين جناحي جبل التنين يقع حدث جلل يقلب هدوء قرية ""لونغ تشان"" المليئة بالشخصيات المثيرة، مثل جزار يُشعل غليونه من ضوء الشمس، وطفلة تَصنع شواهد القبور وتقرأ السحب، ومنفذ أحكام الإعدام، وعجوزِ مولعةٍ بركوب الخيل، وغيرهم كثيرٌ من الشخصيات التي تتقاطع مصائرها مع بعضها بعضًا، بسردٍ مفعمٍ بالواقعية السحرية،المتأثرة بالأساطير الشعبية، وأسلوب شاعري مشحون بسخرية لاذعة من تقلبات النفوس والأقدار.
",,,,المحروسة للنشر والمعلومات الصحفية والبحوث,,https://cdn.aseeralkotb.com/storage/media/307856/conversions/أجنحة-جبل-التنين-26940-200x300-jpg.jpg,,
كوداما,,,"رحلة ممتعة تتحول إلى مأساة، أحداث غير مفهومة، رعب يتجول في الجوار، ماذا يمكن أن يحدث حين تتبدل الأدوار؟في كوداما تأخذنا آلاء سلامة في رحلة مشوقة وغامضة لتكشف مصير مجموعة من الأصدقاء.
",,,,روايات عربية,,https://cdn.aseeralkotb.com/storage/media/308123/conversions/كوداما-27014-200x300-jpg.jpg,,
إله اللاشعور,,عبد المقصود عبد الكريم,اصدارات معرض القاهرة للكتاب 2023,,,,آفاق للنشر والتوزيع _مصر,,https://cdn.aseeralkotb.com/storage/media/307271/conversions/إله-اللاشعور-26765-200x300-jpg.jpg,,
دراسات معرفية في الحداثة الغربية,,,اصدارات معرض الكتاب 2023,,,,مقالات,,https://cdn.aseeralkotb.com/storage/media/306758/conversions/دراسات-معرفية-فب-الحداثة-الغربية-26597-200x300-jpg.jpg,,
الة جوزيف فالسر,,رولا عادل,"ا يحمل ""جوزيف فالسر"" أوراقه الثبوتية أبدًا. يخبره أحدهم: ""لا مجال لتهاون كذاك هذه الأيام، عليك دائمًا أن تحمل أوراقك."" يتلقى ""جوزيف فالسر"" هذا التوبيخ في صمت. كانت مسافة المرء من الأمور تتناسب مع قدرته على التفاعل معها. عندما تقع الأحداث على بعد بوصات أو أقدام قليلة: لا تبدو مهمّة، أحداث رتيبة. الرتابة والملل تسكن الأشياء القريبة، بينما الأشياء المذهلة بعيدة المنال دائمًا. قد يتسرّب عنصر واحد جديد إلى بيئة مسالمة محدثًا تغييرات جذرية في نظرة المرء لليوم التالي. لم يتدخّل الموت كحدث رئيس في حياته بعد، ولكن هذا الشهر المقبل سيكون قاسياً، بل وحقيرًا، وفقًا لبعض النبوءات. ""شهر حقير""، غمغم ""فالسر"" لزوجته مارجا.آلة جوزيف فالسر
جونسالو إم. تافاريس

",,,,مصر العربية للنشر والتوزيع,,https://cdn.aseeralkotb.com/storage/media/306662/conversions/الة-جوزيف-فالسر-26565-200x300-jpg.jpg,,
آربوس 3 ( صراع الممالك ),,,"« كنت أعلم من قبل قدومي إلى البر أن الذكران سيخرجون من النهر دون حاجة لأن أرغم يوسف على استدعائهم أو استعدائهم،لكني لم أتوقع كل هذه الأحداث الجسام، لم يخطر لي أن نجدهم بهذه الشراسة، أن يقدروا على إفناء جيش آربوس الجنوبية كاملا في خلال ساعات، ما جعلني أظن أن كل ما خططنا له قد ينقلب علينا،بل قد
نفقد كل الزورجولات التي جئنا بها إلى البر، فوجهة الذكران أصبحت آربوس الشمالية، حليفتنا، وحربنا معهم ستكون مواجهة الوجود لنا ولهم، بل ولسائر البشر فوق بر آربوس...»

",,,,روايات عربية,,https://cdn.aseeralkotb.com/storage/media/307199/conversions/آربوس-3-صراع-الممالك-26744-200x300-jpg.jpg,,
فن إدارة المقاهي,,,"مستمد من تجربة كولن هارمن الشخصية، حيث استطاع أن يحوِّل «ثري إف إي» (3fe) من عربة قهوة كان يعمل عليها بمفرده في بهو ملهى ليلي إلى أحد المقاهي المتخصصة الأكثر ابتكارًا وتقدمًا في العالم، وعلامة تجارية مميزة في المجال.هذا الكتاب، الذي يمكن اعتباره دليلًا عمليًّا ومذكرات في الوقت نفسه، مستمد من أعوام من الخبرة الحقيقية الثمينة لمالك عمل تجاري صغير. وحكايات هارمن الشخصية وحكمته المكتسبة بشق الأنفس تتناول كل موضوع، بدءًا من اختيار الموقع المناسب، إلى الحفاظ على دورات المياه نظيفة، وحتى بناء ثقافة عمل إيجابية بين الموظفين.

لا يستهدف «فن إدارة المقاهي» فقط الأشخاص الذين يرغبون في إدارة مقاهيهم، لكن أيضًا أولئك الذين يديرونها بالفعل.

",,,,إدارة أعمال,,https://cdn.aseeralkotb.com/storage/media/306518/conversions/فن-إدارة-المقاهي-26517-200x300-jpg.jpg,,
د . مصطفي محمود بين الإيمان بالنص وإعمال العقل,,,"في هذا الكتاب.. تستعرض الكاتبة أفكار د/ مصطفى محمود ما بين الحيرة والتخبط وصولا بالاهتداء في رحلة البحث عن اليقين، وكيف تكون العثرات والتساؤلات سبب للوصول""كل لحظة تطرح على الإنسان موقفا و تتطلب منه اختيارا بين بديلات و هو في كل اختيار يكشف عن نوعية نفسه و عن مرتبته و منزلته دون أن يدري""
",,,,فكر وفلسفة,,https://cdn.aseeralkotb.com/storage/media/306800/conversions/د-مصطفي-محمود-بين-الإيمان-بالنص-وإعمال-العقل-26611-200x300-jpg.jpg,,
أرسين لوبين و دقات الساعة الثمانية,,خميلة الجندى,"يعرفه العالم باسم أرسين لوبين، والجمهور يتابع مغامراته بشغف، لأن حيله طريفة وما يفعله بخصومه مسلٍّ، وسيختلف الأمر بالتأكيد إذا كنتَ ضحيته، فعندها لن يعود الأمر مضحكًا على الإطلاق!لا أحد يعرف اسمه الحقيقي، أو حتى شكله، له ألف وجه وألف اسم، إذا قرّر أن يسرق لوحة ثمينة أو تحفة أثرية أو عقدًا من اللؤلؤ، فهو لابدّ سيصل لما يريد، حتى لو تواجد المفتش جانيمار في المكان، أو حتى المحقق العظيم شرلوك هولمز نفسه!

بين يديك الآن الترجمة الكاملة والأمينة للكتاب الأول من مغامرات أرسين لوبين، والذي صدر في فرنسا لأول مرة عام 1907، ويحوي المغامرات التسعة الأولى لأرسين لوبين كما كتبها موريس لوبلان، والتي تشتمل على مواجهة أرسين لوبين الأولى مع غريمه الإنجليزي شرلوك هولمز، والتي لن تكون الأخيرة!

",,,,الرواق للنشر والتوزيع,,https://cdn.aseeralkotb.com/storage/media/307905/conversions/أرسين-لوبين-و-دقات-الساعة-الثمانية-26950-200x300-jpg.jpg,,
لعبة الحياة القوانين الروحية والنفسية للنجاح,,,"بين يدينا حكمة خالدة كتبت بأسلوبٍ لطيفٍ سهل الفهم يجعل في متناول أيدينا أسرار النجاح ومبادئه.في كتابها الكلاسيكي، "" لعبة الحياة ""، رسّخت فلورنس سكوفيل شين وجودها بين الرواد من كتّاب عصرها وجذبت اقتراحاتها الواقعية والعملية والمفيدة جمهوراً واسعاً من القراء والباحثين في جميع مناحي الحياة .و
رغم مضيّ سنوات على نشر الطبعات الأولى من أعمالها، لا تزال كتبها من بين أبرز المراجع التي تناولت مواضيع الازدهار والنجاح إلى يومنا هذا، وقد ورد بين صفحات كتبها ما يساعدك على الفوز بلعبة الحياة من خلال اتباع المواقف الإيجابية الواثقة. وينهل القراء الجدد حتى اليوم من فيض الأفكار التي يحملها بين دفتيه كتاب ""لعبة الحياة"" لأنهم يتوقون إلى فهم ما فيه من إرشادات روحية تمنحهم إطارًا لبناء حياة مليئة بالثراء والسعادة.

",,,,تنمية ذاتية وعلم نفس،تطوير مهارات,,https://cdn.aseeralkotb.com/storage/media/309744/conversions/لعبة-الحياة-القوانين-الروحية-والنفسية-للنجاح-2-27473-200x300-jpg.jpg,,
حضرة المحترم,,,"«مأساة الآدمية أنها تبدأ من الطين، وعليها أن تحتلَّ مكانتها بعد ذلك بين النجوم».رواية ممتعة عن شخص مملّ يدعى عثمان بيومي؛ موظف حكومي يؤمن بأن الحياة يمكن تلخيصها في كلمتيْن “استقبال، ثم توديع”. قرَّر أن يفرغ حياته من كل شيء إلا من هدف الارتقاء في سلم الوظيفة الحكومية.;«مـا أشـدَّ حيرتي بين م
ا أريـد وما أستطيع».

ورواية “حضرة المحترم” البطل الرئيسي فيها هو الزمن؛ آثاره وجبروته، وقد صدرت طبعتها الأولى عام 1975، غير أنها (الرواية) قد تغيِّر نظرتك إلى الحياة، فماذا لو سخَّر الإنسان حياته كلها لهدف واحد، هل سيجد سعادته الحقيقية؟

«تجربة الحياة عظيمة جليلة، ولكنها مرهقة». وقد تحوَّلت الرواية إلى مسلسل عام 1999، أخرجه سيد طنطاوي، وقام ببطولته: أشرف عبد الباقي ونورهان وسمية الخشاب وسوسن بدر وصلاح رشوان.

",,,,روايات عربية,,https://cdn.aseeralkotb.com/storage/media/307994/conversions/حضرة-المحترم-2-26978-200x300-jpg.jpg,,
ياسمين أبيض,,,"لقد وقعت في حبّه منذ اللّحظة الأولى. أعرف، من الغريب أن تقول أمّ هذا.. الأمّ تحبّ أولادها جميعهم. لكنّني كنت أحتاج بعض الوقت لأحبّ أطفالي! كنت أتعوّد عليهم تدريجيّا، ثمّ أتقبّل أشكالهم وأشعر بانتمائهم إليّ.. لكن أحمد، كنت في حالة حبّ منذ ولادته. أتأمّله طوال اليوم، كأنّه طفلي الأوّل. كان ملاكًا صغيرًا أبيض تمامًا. بياضه النّاصع كان مدهشًا، مثل قطعة ثلج في بلاد حارّة، وكان يرضع وينام بهدوء، ولم يكن يبكي مثل الأطفال. كان وجوده إلى جواري يشعرني بالصّفاء والسّكينة. وقد كنت أحتاج إلى ذلك، حتّى أقدر على مواجهة ما هو آت....
",,,,روايات عربية،روايات أدبية,,https://cdn.aseeralkotb.com/storage/media/307154/conversions/ياسمين-أبيض-26729-200x300-jpg.jpg,,
ليست عادلة .. ولكن,,,"« بعد رحلةِ وعيٍّ طويلة وما زالت مستمرة، رحلة لم تكن سهلة ولكن ثمارها رطبة وعذبة؛ دفعتني هذه الرحلة للعلم والوعي والإدراك، وحثتني أن : ابدأ بنفسك، فخضت هذه الرحلة بحلوها ومرها، وتعلمت من تجاربي الشخصية وتجارب من هم حولي.كان بها من التحديات والصعوبات ما أتى من كل حدبٍ وصوب، ولكن بالوعي والعلم تيقنت أننا لم نخلق لنتألم.

أدركت أنه لنبتعد عن الألم ما استطعنا، لا بُّد من إستراتيجيات مبنية على نتائج تجاربنا هذه، إستراتيجيات تقوم على تحليل ما نمر به، والوعي الذي يزداد من كل تجربة، وإلا لا فائدة من تجاربنا وما نمضي به في هذا العمر.

فقد أنعم الله علينا بنعمة العقل للتأمل والتدبر والإدراك والتأقلم.
كان لا بدّ من هذه التجارب أن تصل بنا إلى ضوابط وقواعد للحياة.

كان لا بدّ من ثمار تُجنى من المواقف المختلفة بكل أشكال الدروس والعبر.
فكانت هذه ""القواعد العشر للتناغم مع الحياة"".. عشر قواعد لكل منها مجالها في هذه الحياة.

لا نقول بأنها كل ما في الحياة، ولكن خلاصة رحلة سعي طويلة بدأت بمعرفة أن الحياة ليست عادلة، ولكن.. ما زال للقصة بقية.

ومن بعد عدل الدنيا وظلمها ما يستحق الوقوف عنده، ما يمكن السيطرة عليه وتغيير المسار.
في النهاية لا بدّ وأن ليس للإنسان إلا ما سعى.»

",,,,كتب متنوعة,,https://cdn.aseeralkotb.com/storage/media/306989/conversions/ليست-عادلة-ولكن-26674-200x300-jpg.jpg,,
ألبير كامو,,,"ألبير كامو: مقدمة قصيرة جدًّاأوليفر جلوجترجمة مؤمن محمود رمضان أحمد مراجعة عبد الفتاح عبد اللهسير الأعلامفلسفة
٣٠,٩٣٣ كلمة
«ألبير كامو» هو أحدُ أشهر فلاسفة القرن العشرين وأكثر كُتابه رواجًا وانتشارًا، وفي هذا الكتاب، يُقدِّمه لنا المؤلِّفُ، في سياق ظروفه الصعبة والمضطربة، ويُحلِّل الشعبية


الراسخة لأهم أعماله الفلسفية والأدبية في إطار عددٍ من القضايا السياسية، والاجتماعية، والثقافية المعاصرة. في ثنايا الكتاب، نرى «ألبير كامو» — بكل ما يُحيط به من غموضٍ — مُدافعًا قويًّا عن الكثير من القضايا التقدُّمية، ومُتمسِّكًا بشدةٍ بجذوره الفرنسية الجزائرية، وكاتبًا يتمتع بموهبةٍ فَذَّة ووعيٍ اجتماعيٍّ حاضر، وإنسانًا يُعاني الشكوك الذاتية. كذلك يُقدِّمه لنا الكتابُ بوصفه واحدًا من أهم المؤلِّفين الذين لا تزال أعمالهم تُؤثِّر على نحوٍ ملحوظ في وجهات نظرنا بشأن الأحداث والقضايا المعاصرة.

«أوليفر جلوج» وُلد في مدينة نيويورك، وعاشَ في فرنسا وتربَّى بها. تقع أعماله عند نقطة التقاء التاريخ، والأدب، والسياسة، ويُركِّز فيها على علاقات فرنسا المشحونة مع ماضيها الاستعماري.

",,,,كتب متنوعة,,https://cdn.aseeralkotb.com/storage/media/308916/conversions/ألبير-كامو-27240-200x300-jpg.jpg,,
أرسين لوبين والمحقق فيكتور,,إسراء يونس,"المحقق ڤيكتور شرطي معروف بحدّة الذكاء رغم غرابة أطواره وطباعه الغريبة، أثبت نجاحه في عدّة قضايا، قبل أن يجد نفسه منغمسًا في سلسلة من الجرائم والألغاز الغامضة، التي لا يوجد بينها رابط سوى اسم اللص الشهير ""أرسين لوبين"" وعشيقته الروسية الفاتنة. يُسخّر ڤيكتور كل ما يملك من ذكاء وبراعة في تقصي أثر لوبين،رغم كل العوائق التي يجدها في طريقه، لكنّ الأمور تزداد تعقيدًا مع تساقط المشتبه فيهم واحدًا تلو الآخر.ويظل السؤال قائمًا: ما علاقة ""أرسين لوبين"" بكل هذا، ولماذا يسعى المحقق ڤيكتور للنيل منه بكل هذه الشراسة، ومن منهما سينتصر على غريمه في النهاية؟

",,,,الرواق للنشر والتوزيع,,https://cdn.aseeralkotb.com/storage/media/306431/conversions/أرسين-لوبين-والمحقق-فيكتور-26487-200x300-jpg.jpg,,
خارج حدود الأرض,,,"بين مثلث برموداوالبوابات النجمية يأخذنا الكاتب ليكشف لنا أسرار عدّة..من هم أصحاب البدلات السوداء؟!هل يوجد غرفة سرية أسفل الأهرامات؟!ما سر تلك المباني الظاهرة على سطح القمر؟!
وهل الروبوتات خطر على مستقبلنا القريب؟!
أين يقع مكان يأجوج ومأحوج؟؟
هل نجحنا في السفر عبر الزمن!؟
كل هذا وأكثر تجد


وه فقط.. خارج حدود الأرض

",,,,روايات عربية,,https://cdn.aseeralkotb.com/storage/media/306779/conversions/خارج-حدود-الأرض-26604-200x300-jpg.jpg,,
التاريخ الاسلامي,,,"كيف صعد نجم الإسلام من غياهب شبه الجزيرة العربية في القرن السابع ليتصدَّر العناوين في وسائل إعلام القرن الحادي والعشرين؟ ولماذا تقف المجتمعات الإسلامية والغربية غالبًا على طرفي نقيض، مع أن الإسلام بدأ كديانة توحيدية في الشرق الأدنى تمامًا مثلما حدث مع الغرب المسيحي-اليهودي؟في هذه المقدمة القصيرةجدًّا، يتناول آدم جيه سيلفرستاين ظهور الإسلام وانتشاره بدءًا من القرن السابع وحتى القرن الحادي والعشرين، موضحًا خطوات تطور ما كان في الأصل مجتمعًا صغيرًا من المؤمنين تجمعهم بقعة واحدة إلى دين عالمي يربو عدد أتباعه على المليار.

يتناول سيلفرستاين بالتحليل الدور الذي يلعبه التاريخ الإسلامي في السياقين الديني والسياسي، مُلقيًا الضوء على الخلافات المحيطة بدراسته، والأهمية التي يحظى بها لدى المسلمين وغير المسلمين على حدٍّ سواء.

",,,,كتب متنوعة,,https://cdn.aseeralkotb.com/storage/media/308919/conversions/التاريخ-الاسلامي-27241-200x300-jpg.jpg,,
حيدر بن زرع النيل,,,"- اكتب يا ""سر النهر"".محا طلب شيخه أي أثر لانقلاب نفسه على ضيفي الشيخ، يسحب ورقة طويلة ويغمس سن قلم الغاب في المحبرة ويتهيّأ لكتابة عشرات الأوراق مما يمليه الكاتب الجليل وما لا يعرفه من أخبار تكون قد وردت له من داخل القلعة، فللشيخ أربابه الذين يطلعونه على دقائق الأمور، تنحنح ""الجبرتي"" وهو يقول بصوته العميق:
""فلما أصبح الجمعة سادسه ركب الجميع وطلعوا إلى القلعة وطلع المصرية بمماليكهم وأتباعهم وأجنادهم، فدخل الأمراء عند الباشا وصبحوا عليه وجلسوا معه حصة وشربوا القهوة وتضاحك معهم، ثم انجرّ الموكب على الوضع الذي رتبوه فانجر طائفة الدلاة وأميرهم المسمى أزون علي ومن خلفهم الوالي والمحتسب والأغا والوجاقلية والألداشات المصرية.....
- وبعد؟
- يكفي هذا.
رفع ""سر النهر"" سن القلم وظن ""الجبرتي"" يكتفي بما كتب ثم يعطي الورقة إلى ""الإزميري"" ليكمل ولكن لا بأس من أن يستمع لما يدونه رفيقه، قرّب الورقة إلى عبد القادر لكن ""الجبرتي"" أشار بيده.
- قلت يكفي، يحسن بي أن أتريّث قليلًا قبل كتابة ما حدث خلف باب العزب.

",,,,روايات عربية،روايات أدبية,,https://cdn.aseeralkotb.com/storage/media/307151/conversions/حيدر-بن-زرع-النيل-26728-200x300-jpg.jpg,,
طوفان أرض الظلام,,,"نحن الآن في عام ٢١٣٣.. الأرض غير الأرض التي نعرفها، والشعوب تُفرقها الأسوار العالية.بين ظُلمات الممالك الأربع، نحيا الكثير من المؤامرات، والكثير من الخُطط المُحاكة فقط لأجل الشرور والهلاك!في تلك الرواية:• صراعٌ.. البقاءُ فيه للأقوى، والغلبةُ فيه للنفوس الماكرة في معركة النهاية والحسم.• طوفا


نٌ وشيكٌ، سيقضي على الأخضر واليابس، وأدلة قيامه تظهر في كل مكان. 
• أربعُ طبقاتٍ من البشر، منهم من يعيش على البر، ومن يعيش على البحر، ومنهم من يختبئ خلف أسوارٍ عالية.
• كائنٌ واحدٌ منهم يحاول الوصول إلى برِّ أمانٍ، ولملمة ما تبقى من الحياة على هذا الكوكب.. لكن الأمر يتطلب تضحية كبيرة للغاية.
في عالم أرض الظلام نتحسس خُطانا في ترقُّب ورهبة، حتى تحدث المفاجأة المُدوية التي قد تجبرك على قراءة المشهد من جديد، فقط لاستيعاب ما يحدث، وما كان يجب أن يحدث لو كنت جزءًا من هذا العالم الغريب وتحدياته المحفوفة بالمخاطر.

",,,,روايات عربية،خيال ومغامرة,,https://cdn.aseeralkotb.com/storage/media/307217/conversions/طوفان-أرض-الظلام-26750-200x300-jpg.jpg,,
جمعية المرأة الكويسة,,,"وقال محمد راضي عن الكتاب:"" رغما عني، ومنذ أن أصبحت لي ابنة وأنا أراقب مشاكل البنات في مجتمعنا، ولم تقلقني مشكلة أكثر من مشكلة التحرش، ظلت شغلي الشاغل لسنوات حتى رزقت بابنتي الأخرى فازداد رعبي وفزعي، لهذا قررت إخراج مخاوفي تلك على الورق عساي أقلل من أثرها على نفسيتي.وأضاف في بيان صحفي:"" فكرة ""جمعية المرأة الكويسة""، تقوم باختصار على جمعية نسوية تحارب التحرش بطريقة غير مشروعة، أقف ككاتب على الحياد بين جميع الأطراف وأترك للقارئ حق التعاطف مع الجاني ""نساء الجمعية في حالتنا"" من عدمه.

أما عن الكتاب فيدور حول محقق خاص لكنه يفتقد لكل صفات المحقق الخاص.. محبط بسبب تكرار فشله في حل القضايا مما يزيد من سخرية الجميع منه.. ولهذا يدخل في صراع مع نفسه والمجتمع، يشك في كل الناس ويتعامل مع كل الأحداث على أنها جرائم متخفية أو محتملة الوقوع.

",,,,كتب متنوعة,,https://cdn.aseeralkotb.com/storage/media/306704/conversions/جمعية-المرأة-الكويسة-26579-200x300-jpg.jpg,,
تباريح الوقائع والجنون,,,"""إن الواقع المتردِّي الذي نعيشه الآن قد وصل إلى درجةٍ من الإيلام والإيجاع والشراسة والتدنِّي بحيث لم يَعُد الكاتِبُ مُستطيعًا أن يُداري صرخة الألم.لذا أتصوَّر أن له ملء الحقِّ الآن أن يصرخ بأعلى صوته؛ لأن الوقائع مبرِّحة الإيلام، لا تكاد تُحتَمل. أصبح من حق الكاتب أن يُعرب عن هذا الألم وأن يدينهذا الواقع -روائيًّا- بأعلى صوته.
لكن هل يتشكَّل صراعٌ على نحوٍ ما بين المقاطع الشعرية في هذه «الرواية» وبين القُصاصات الصَّحفيَّة؟ هل ثَمَّة دلالة لهذه البنية التي تبدو -لأول وهلة- متنافِرَة؟

هنا قد أتَّفِق إلى حدٍّ ما على أنه صراع، ولكنه صراع جدليٌّ يندرج تحت ما أرجو أن يكون بنيةً موسيقيَّةً مُتعدِّدة الأصوات. أي بنية سميفونية أو بوليفونيَّة مُتعدِّدة المقامات، إن صَحَّ التعبير، أي أنها ليست بنًى من لحن واحد... قد تكون أحيانًا من ألحانٍ ونغمات من التضافُر البنائي"".

",,,,روايات عربية,,https://cdn.aseeralkotb.com/storage/media/307871/conversions/تباريح-الوقائع-والجنون-26945-200x300-jpg.jpg,,
يد بيد,,,"""قطة جميلةلكنها مسكينةوقعت في مشكلةفكيف ننقذها؟(قصة تتناول أهمية التعاون لحل المشكلات، وتعاطف الإنسان مع الحيوان، وضرورة عدم الاستسلام أمام الصعاب)""



",,,,قصص أطفال,,https://cdn.aseeralkotb.com/storage/media/310208/conversions/يد-بيد-27626-200x300-jpg.jpg,,
عن العشق والسفر 2 : رسائل البحر,,,اصدارات معرض القاهرة للكتاب 2023,,,,كتب متنوعة,,https://cdn.aseeralkotb.com/storage/media/307265/conversions/عن-العشق-والسفر-2-رسائل-البحر-26763-200x300-jpg.jpg,,
قبل أن تبرد القهوة ج3 (قبل أن تتلاشي ذاكرتك),,,"إن كنت تستطيع العودة بالزمن، فمن تود أن تقابل؟ وماذا ستفعل إن كان العالم سينتهي غداً؟ وإذا خُيّرت بين أن تعود إلى الماضي أو تسافر إلى المستقبل، ماذا تختار؟أسئلة إشكالية يثيرها الكاتب الياباني توشيكازو كواغوشي في روايته الثالثة ""قبل أن تبرد القهوة - قبل أن تتلاشى ذاكرتك""، تاركاً قارئه في حيرة وشوقإلى ما ستؤول إليه نهايات أبطاله، وربما نهايته هو فيما لو وجد نفسه مسافراً عبر الزمن.
بيع من الرواية أكثر من 2 مليون نسخة وتصدّرت لائحة جريدة التايمز للأكثر مبيعاً ورشحتها جريدة الاندبندت لجائزة أفضل رواية.
مقهى جديد في شمال اليابان وأربعة زبائن جدد وحكايات عالقة في ""قبل أن تتلاشى ذاكرتك""

",,,,روايات عربية,,https://cdn.aseeralkotb.com/storage/media/319656/conversions/قبل-أن-تبرد-القهوة-ج3-قبل-أن-تتلاشي-ذاكرتك-27373-200x300-jpg.jpg,,
صباح الخير تقريبا,,,"°° أقول : ""صباح الخير""فتظل معلقةبين السماءوالأرضإلى أن تنفتح نافذتك.°°



",,,,شعر,,https://cdn.aseeralkotb.com/storage/media/307109/conversions/صباح-الخير-تقريبا-26714-200x300-jpg.jpg,,
تغريدات قلم,,,"الوصف: يا عاشقة القهوة أما أخبرتك بأن القهوة لونها بنيٌّ كلون عينيكِ.. سريعة الفوران كسرعة فورانك عند الغضب. حلوةً مثلككأنك السكر المُذاب فيها.. ومرةً أحياناً كمرارة حُزنك! فعندما أنظر في عينيكِ كأنني شربت فنجانًا من القهوة لا يصلح لي النومبعده.. فقط الاستيقاظ والسهر والتفكير فيكِ، فأنتِ حلوة
مثل السكُر المذاب فيها. وقمحية البشرة كأنها لونكِ.. رائحة عطركِ
كرائحتها ومرارة حزنك كسادتها.

",,,,كتب متنوعة,,https://cdn.aseeralkotb.com/storage/media/308979/conversions/تغريدات-قلم-27261-200x300-jpg.jpg,,
عندما صاح كوكو,,,""" في الماضي لم تكن الديوك تصيح عند الفجر مثلما تصيح الان لذا لم يجد الديك الصغير كوكو ما يفعله...أحداثها مثيرة ومضحكة يتعرض لها كوكو للوصول لحلمه بأن يكون مشهور فهل سيصل لحلمه؟""من ٤ ل٧ سنوات


",,,,قصص أطفال,,https://cdn.aseeralkotb.com/storage/media/310196/conversions/عندما-صاح-كوكو-27622-200x300-jpg.jpg,,
اعرف بلدك,,,"«سلسة أعرف بلدك هي سلسلة كتب تاريخية تتحدث عن التاريخ المصري بمختلف أنواعه مدمج معه أبرز الأثار والمعالم الأثرية والسياحية الشاهدة على الحقبة التاريخية بمنهجية مختلفة عمن تناولوا نفس العناوين سلفًا.في العدد الأول من السلسلة وهو بعنوان ""عواصم مصر الإسلامية"" سنتعرف أكثر عن القاهرة الكبرى، أو بمعنى أدق العاصمة الحالية، فكثير منا يعرف أن القاهرة هي العاصمة والقليل يعلم أنها ناتج تزاوج أربعة عواصم إسلامية مختلفة الطراز المعماري والثقافي وتضم بين طياتها أحداث تاريخية مشوقة».

",,,,كتب متنوعة,,https://cdn.aseeralkotb.com/storage/media/307966/conversions/اعرف-بلدك-26970-200x300-jpg.jpg,,
لماذا نتأمل,,,"يساعدنا هذا الكتاب على تخطي العقبات واسعة النطاق التي نواجهها في حياتنا، والمؤلفان هنا، لا يتحدثان فقط عن الهواتف التي لا تفارقنا، وجداول أعمالنا التي تشهد ازدحاماً متزايداً يوماً بعد يوم، بل يتحدثان عمّا هو أكثر أهمية، والذي يتمثل في الأفكار الهدّامة التي تتمثل في الشك، والمصلحة، والعادات العاطفيةمثل انشغالنا بانتقاد ذواتنا.
تساعد الفصول الأولى القارئ على التخلص من مشكلتين يعاني منهما معظم المبتدئين في التأمل: (1) وحشة العقل، وعدم القدرة على بلوغ الهدوء، و(2) استمرار الأفكار المقلقة بالعودة.

“دليل عملي ومثير خاص بالتأمل، يُقدّم الترياق الذي تشتد الحاجة إليه بسبب فيض التوتر الذي يغمر الكثيرين منا، من تأليف تسوكنيي رينبوتشي مُعلّم التأمل الشهير” – صحيفة US Today.

",,,,كتب متنوعة,,https://cdn.aseeralkotb.com/storage/media/309359/conversions/لماذا-نتأمل-27369-200x300-jpg.jpg,,
رجيم,,,«طول عمرنا كنا بنسمع عن حكايات العهد اللي بين الإنس والجن، لكن عمرنا ما سمعنا عن أب مسمي أولاده الخمسة على أسماء جان حقيقيين عشان يكمل بيهم تعويذة تطلع له كنز ورثه عن أجداده!».,,,,روايات عربية,,https://cdn.aseeralkotb.com/storage/media/307918/conversions/رجيم-26954-200x300-jpg.jpg,,
الحشد,,شيرين عصمت,اصدارات معرض القاهرة للكتاب 2023,,,,آفاق للنشر والتوزيع _مصر,,https://cdn.aseeralkotb.com/storage/media/307262/conversions/الحشد-26762-200x300-jpg.jpg,,
الفيلق المصري,,,"هذا الكتاب يحكي عن حادثة خطيرة في تاريخ مصر الحديث، لم تذكر في كُتب التاريخ المدرسية، ولم يصدر عنها كتاب يؤرخ لها بالرغم من تأثيرها العميق على مصر. طلبت بريطانيا من الحكومة المصرية -في أثناء الحرب العالمية الأولى- إصدار أوامرها إلى مأموري المراكز والعمد بالقبض على شباب الفلاحين، وربطهم بالحبال وترحيلهم مع الجيش البريطاني إلى سيناء وفلسطين وسوريا ولبنان والعراق وغرب تركيا وجزر اليونان وفرنسا وبلجيكا وإيطاليا؛ ليقوموا بأعمال شاقة مثل بناء خط سكة حديد وتحميل وتفريغ السفن، وبالفعل تم ترحيل ما يقدر بحوالي 530 ألف فلاح حين كان تعداد مصر 12 مليون نسمة، وقٌتل منهم حوالي 50 ألف فلاح أي 10 % من فلاحي مصر!
ولمّا غاب الفلاحون عن الأرض نقص المحصول وارتفع ثمن الغذاء؛ فحدثت مجاعات في مناطق من مصر. وكان سوء معاملة الانجليز للفلاحين وضربهم بالكرباج وإهانتهم سبباً في غضب عارم على السلطة التي أجبرتهم على الالتحاق بفيلق الفلاحين، وأدى ذلك إلى انتفاضات في مناطق متعددة عام 1918، سريعًا ما تحولت إلى ثورة التحمت مع ثورة المدن بقيادة سعد زغلول عام 1919 لتكون الثورة في الريف أشد عنفًا. وفي النهاية تم إلغاء الحماية وإعلان دستور وبرلمان لمصر وطرد المستشارين البريطانيين، وإن استمر بقاء الجيش الانجليزي.

",,,,روايات عربية،روايات تاريخية,,https://cdn.aseeralkotb.com/storage/media/306881/conversions/الفيلق-المصري-26638-200x300-jpg.jpg,,
وردة على خد الحياة,,,"الكتابُ هو سردٌ قصصي، ومشاهد مقتطفة من مراحل الحياة المختلفة، من طفولةٍ وصِبا، ويُفُوعٍ ونُضج، ورُجولةٍ وكِبَر.مئاتُ الذّكرياتِ تسكُنُ بين صَفَحاته؛ لتُجدّد شَوْقَ القارئ، وتُرافقه رحلة حياته الطويلة، وتُضفي عليها دفء العائلة في سنواتِ الغُربةالعِجاف، وتُهدي إليه ورود الحب التي أيْنعت وحان قِطَا
فُها، على خدّ حياته القاسية.

",,,,كتب متنوعة,,https://cdn.aseeralkotb.com/storage/media/308970/conversions/وردة-على-خد-الحياة-27258-200x300-jpg.jpg,,
خيال زوج,,,اصدارات معرض القاهره الدولي للكتاب 2023,,,,روايات عربية،رومانسي واجتماعي,,https://cdn.aseeralkotb.com/storage/media/306875/conversions/خيال-زوج-26636-200x300-jpg.jpg,,
قالو و قلنا,,,يحتوي الكتاب أمثالاً وأقوالاً بالفصحى والعامية، ويشرح مضامينها بأسلوب تربوي رصين يحذر من تعميمها ويدعو إلى استبدال السلبية منها بمقولات أكثر إيجابية ونشرها بين الناس.,,,,كتب متنوعة,,https://cdn.aseeralkotb.com/storage/media/309365/conversions/قالو-و-قلنا-27371-200x300-jpg.jpg,,
دير نورث آنجر,,,"دير نورث آنجر أحد أهم وأبرز الأعمال الروائية التي قامت بكتابتها الأديبة الإنجليزية الشهيرة جاين أوستن، والتي تُعَد محاكاة ساخرة للخيالِ القوطي، ذلك الذي لا يَكِل ولا يَمِل من وَصف تلك القِلاع العتيقة المُتهالِكَة، والحُجرات المهجورة المُغلَقَة، والصناديق الغامضة التي تملأها الأسرار، وتلك المُلاحظاتالمُبهَمَة المُشَفَرَة كما الرواية الكلاسيكية تستعرض ذلك النوع من الإستبداد الأبوي الذي يُعطي القصة طابعًا مُدهِشًا وتقدم الكاتبة تطور أحداث القصة بشكل ساخر يحمل أكثر من معنى.دير نورث آنجر أحد أهم العلامات العاطفية الشاعرية في كتابات جاين أوستن كما أنها تقدم قصة حُب وزواج سعيدة خالدة.

",,,,كتب متنوعة,,https://cdn.aseeralkotb.com/storage/media/309714/conversions/دير-نورث-آنجر-27463-200x300-jpg.jpg,,
أعمق من الكلمة,,,إصدارات معرض القاهرة الدولى للكتاب 2023,,,,رقائق,,https://cdn.aseeralkotb.com/storage/media/308474/conversions/أعمق-من-الكلمة-27124-200x300-jpg.jpg,,
أبشاق الغزال,,,"تعتقد أنَّك تعرِف القصَّة.. لكنَّك ربَّما تعرِف فقط كيف انتهت.. ولكي ندخل في صُلب الموضوع، علينا أن نعود إلىٰ البداية.. وإنَّني سوف أحكي قصَّة حسَّان ونَوْفَلَة قبل أن يحين الأجلُ المحتوم وينتهي العُمر، فينساها النَّاس، أو يتناسونها فيغيِّروا من تفاصيلها، ومن ترتيب أحداثها، فتلوكها الألسُن، ويصير عاليها سافلها، ويصبح شأنها شأن كُلِّ شيءٍ في بلدنا حين تدور عليه عجلةُ الزَّمن..
",,,,روايات عربية,,https://cdn.aseeralkotb.com/storage/media/306791/conversions/أبشاق-الغزال-26608-200x300-jpg.jpg,,
في معنى أن نموت,,,"لست أدري أين كان من الممكن أن أكون لو لم يكن بإمكاني القيام بهذا العمل الغريب. لقد أنقذ حياتي مرات عديدة على مر السنين، وما زال يفعل ذلك الآن. لوهلة من الزمن جسدي يتوجه نحو الكارثة، وعقلي في مكان آخر، متركزًا على هذه المهمة المصيرية الأخرى، وهي أن أقول لكم شيئًا ذا مغزى قبل أن أرحل. لأن سعادتي لا تُضاهى حين أكتب، أو أفكر في الكتابة، أو أنظر إلى العالم بوصفي كاتبة، وقد كان الأمر كذلك منذ البداية.
",,,,سيرة ومذكرات,,https://cdn.aseeralkotb.com/storage/media/310067/conversions/في-معنى-أن-نموت-27579-200x300-jpg.jpg,,
قوة الإرادة,,جورج نبيل,اصدارات معرض القاهرة للكتاب 2023,,,,نبيل باسيليوس,,https://cdn.aseeralkotb.com/storage/media/307286/conversions/قوة-الإرادة-2-26770-200x300-jpg.jpg,,
نبوءة قصر السلطان,,,اصدارات معرض القاهرة للكتاب 2023,,,,روايات عربية،روايات أدبية,,https://cdn.aseeralkotb.com/storage/media/307190/conversions/نبوءة-قصر-السلطان-26741-200x300-jpg.jpg,,
